ts_event,price
2024-10-21 11:54:29.221064336+00:00,233.62
2024-10-21 11:54:29.223769812+00:00,233.67
2024-10-21 11:54:29.225030400+00:00,233.67
2024-10-21 11:54:29.712434212+00:00,233.52
2024-10-21 11:54:29.764673165+00:00,233.52
2024-10-21 11:54:29.764685027+00:00,233.54
2024-10-21 11:54:36.289427977+00:00,233.9
2024-10-21 11:54:37.990793976+00:00,233.73
2024-10-21 11:54:39.124291588+00:00,233.73
2024-10-21 11:54:39.134140341+00:00,233.74
2024-10-21 11:54:41.233181043+00:00,233.67
2024-10-21 11:54:41.234620509+00:00,233.67
2024-10-21 11:54:41.235907431+00:00,233.67
2024-10-21 11:54:41.235977207+00:00,233.67
2024-10-21 11:54:41.238618235+00:00,233.7
2024-10-21 11:54:41.239827037+00:00,233.7
2024-10-21 11:54:50.970297264+00:00,233.79
2024-10-21 11:54:50.970336474+00:00,233.78
2024-10-21 11:54:53.247532557+00:00,233.7
2024-10-21 11:54:53.248893986+00:00,233.7
2024-10-21 11:54:53.251320969+00:00,233.67
2024-10-21 11:54:53.252546517+00:00,233.67
2024-10-21 11:54:55.503497741+00:00,233.48
2024-10-21 11:54:55.503541005+00:00,233.51
2024-10-21 11:54:55.551806996+00:00,233.59
2024-10-21 11:54:58.132928650+00:00,233.9
2024-10-21 11:54:58.133944065+00:00,233.75
2024-10-21 11:55:09.125042325+00:00,233.59
2024-10-21 11:55:09.125055670+00:00,233.57
2024-10-21 11:55:09.160009889+00:00,233.78
2024-10-21 11:55:09.160051447+00:00,233.77
2024-10-21 11:55:13.899151539+00:00,233.59
2024-10-21 11:55:22.016715475+00:00,233.51
2024-10-21 11:55:22.060173668+00:00,233.52
2024-10-21 11:55:22.132778490+00:00,233.6
2024-10-21 11:55:26.447978801+00:00,233.73
2024-10-21 11:55:30.365285173+00:00,233.6
2024-10-21 11:55:30.365297270+00:00,233.54
2024-10-21 11:55:30.377046532+00:00,233.52
2024-10-21 11:55:30.377110788+00:00,233.53
2024-10-21 11:55:30.509413271+00:00,233.77
2024-10-21 11:55:30.509458075+00:00,233.79
2024-10-21 11:55:30.559949308+00:00,233.55
2024-10-21 11:55:31.194923125+00:00,233.54
2024-10-21 11:55:31.195023714+00:00,233.53
2024-10-21 11:55:34.079261198+00:00,233.67
2024-10-21 11:55:35.302921978+00:00,233.67
2024-10-21 11:55:35.303067914+00:00,233.67
2024-10-21 11:55:35.304531207+00:00,233.67
2024-10-21 11:55:35.305736838+00:00,233.67
2024-10-21 11:55:35.374212373+00:00,233.55
2024-10-21 11:55:35.374226300+00:00,233.5
2024-10-21 11:55:38.243671650+00:00,233.73
2024-10-21 11:55:38.243683612+00:00,233.75
2024-10-21 11:55:38.298336797+00:00,233.51
2024-10-21 11:55:38.572413983+00:00,233.74
2024-10-21 11:55:44.733510979+00:00,233.55
2024-10-21 11:55:44.791957886+00:00,233.54
2024-10-21 11:55:51.293948230+00:00,233.73
2024-10-21 11:55:51.294217665+00:00,233.73
2024-10-21 11:55:51.365188500+00:00,233.51
2024-10-21 11:55:51.401597368+00:00,233.47
2024-10-21 11:55:53.213328704+00:00,233.81
2024-10-21 11:55:53.213365167+00:00,233.79
2024-10-21 11:55:54.691386316+00:00,233.47
2024-10-21 11:55:54.691398035+00:00,233.74
2024-10-21 11:55:54.691407713+00:00,233.76
2024-10-21 11:55:54.745856609+00:00,233.47
2024-10-21 11:55:54.745868744+00:00,233.48
2024-10-21 11:55:54.762492206+00:00,233.55
2024-10-21 11:55:54.762530320+00:00,233.56
2024-10-21 11:55:55.306692496+00:00,233.48
2024-10-21 11:55:55.306705027+00:00,233.46
2024-10-21 11:55:55.361082355+00:00,233.75
2024-10-21 11:55:55.706105479+00:00,233.47
2024-10-21 11:55:58.151580102+00:00,233.47
2024-10-21 11:56:07.493655598+00:00,234.0
2024-10-21 11:56:10.953492365+00:00,233.75
2024-10-21 11:56:10.953504236+00:00,233.77
2024-10-21 11:56:11.008155483+00:00,233.47
2024-10-21 11:56:11.008167451+00:00,233.48
2024-10-21 11:56:11.038752302+00:00,233.56
2024-10-21 11:56:11.038803026+00:00,233.57
2024-10-21 11:56:14.982879375+00:00,233.77
2024-10-21 11:56:14.982891924+00:00,233.78
2024-10-21 11:56:15.036962807+00:00,233.77
2024-10-21 11:56:15.039085832+00:00,233.81
2024-10-21 11:56:15.039203352+00:00,233.84
2024-10-21 11:56:17.922879284+00:00,233.84
2024-10-21 11:56:17.922956219+00:00,233.83
2024-10-21 11:56:23.203362495+00:00,233.77
2024-10-21 11:56:23.203374367+00:00,233.78
2024-10-21 11:56:23.230980890+00:00,233.49
2024-10-21 11:56:23.259005865+00:00,233.5
2024-10-21 11:56:23.260424017+00:00,233.57
2024-10-21 11:56:23.260520532+00:00,233.58
2024-10-21 11:56:24.985297090+00:00,233.5
2024-10-21 11:56:24.985309618+00:00,233.48
2024-10-21 11:56:25.053201827+00:00,233.77
2024-10-21 11:56:29.970611371+00:00,234.0
2024-10-21 11:56:34.567796323+00:00,233.77
2024-10-21 11:56:34.567809267+00:00,233.78
2024-10-21 11:56:34.623413180+00:00,233.77
2024-10-21 11:56:42.272625996+00:00,233.49
2024-10-21 11:56:43.878708550+00:00,233.72
2024-10-21 11:56:43.878991240+00:00,233.72
2024-10-21 11:56:47.448697059+00:00,233.77
2024-10-21 11:56:47.557683879+00:00,233.77
2024-10-21 11:56:51.014654312+00:00,233.49
2024-10-21 11:56:51.014666179+00:00,233.77
2024-10-21 11:56:51.014676787+00:00,233.79
2024-10-21 11:56:55.866035650+00:00,233.78
2024-10-21 11:57:04.890399029+00:00,233.72
2024-10-21 11:57:04.890725062+00:00,233.72
2024-10-21 11:57:06.458943234+00:00,233.67
2024-10-21 11:57:06.459285665+00:00,233.68
2024-10-21 11:57:07.554141976+00:00,233.68
2024-10-21 11:57:08.621131954+00:00,233.68
2024-10-21 11:57:10.160087903+00:00,233.68
2024-10-21 11:57:14.110885099+00:00,233.68
2024-10-21 11:57:14.837669309+00:00,233.58
2024-10-21 11:57:14.894521785+00:00,233.59
2024-10-21 11:57:15.098765695+00:00,233.78
2024-10-21 11:57:15.098777532+00:00,233.8
2024-10-21 11:57:15.158138746+00:00,233.49
2024-10-21 11:57:15.158151037+00:00,233.5
2024-10-21 11:57:15.238560230+00:00,233.79
2024-10-21 11:57:15.426680348+00:00,233.78
2024-10-21 11:57:15.993250474+00:00,233.68
2024-10-21 11:57:17.249143876+00:00,233.78
2024-10-21 11:57:17.249155657+00:00,233.8
2024-10-21 11:57:17.304858834+00:00,233.78
2024-10-21 11:57:17.495155713+00:00,233.68
2024-10-21 11:57:20.112111433+00:00,233.72
2024-10-21 11:57:22.737207625+00:00,233.68
2024-10-21 11:57:23.434433631+00:00,233.68
2024-10-21 11:57:23.522180556+00:00,233.59
2024-10-21 11:57:23.522320812+00:00,233.47
2024-10-21 11:57:23.575986228+00:00,233.77
2024-10-21 11:57:23.893151634+00:00,233.67
2024-10-21 11:57:23.893151634+00:00,233.67
2024-10-21 11:57:23.893200066+00:00,233.71
2024-10-21 11:57:23.964289822+00:00,233.5
2024-10-21 11:57:23.964302478+00:00,233.49
2024-10-21 11:57:23.993763323+00:00,233.71
2024-10-21 11:57:25.745564633+00:00,233.49
2024-10-21 11:57:25.813792371+00:00,233.77
2024-10-21 11:57:25.852973172+00:00,233.78
2024-10-21 11:57:25.862973670+00:00,233.49
2024-10-21 11:57:25.868673528+00:00,233.54
2024-10-21 11:57:26.000349886+00:00,233.54
2024-10-21 11:57:28.039292565+00:00,233.54
2024-10-21 11:57:28.039302990+00:00,233.54
2024-10-21 11:57:28.039347712+00:00,233.68
2024-10-21 11:57:28.153707091+00:00,233.48
2024-10-21 11:57:28.163711748+00:00,233.54
2024-10-21 11:57:28.163725884+00:00,233.77
2024-10-21 11:57:29.331953680+00:00,233.77
2024-10-21 11:57:29.331966683+00:00,233.78
2024-10-21 11:57:30.995192991+00:00,233.54
2024-10-21 11:57:31.496234971+00:00,233.74
2024-10-21 11:57:36.264542456+00:00,233.72
2024-10-21 11:57:36.267934826+00:00,233.54
2024-10-21 11:57:37.887981490+00:00,233.65
2024-10-21 11:57:38.016963535+00:00,233.54
2024-10-21 11:57:40.885440558+00:00,233.47
2024-10-21 11:57:40.885481569+00:00,233.48
2024-10-21 11:57:41.319151873+00:00,233.78
2024-10-21 11:57:41.319163898+00:00,233.79
2024-10-21 11:57:41.375697228+00:00,233.54
2024-10-21 11:57:41.375709324+00:00,233.55
2024-10-21 11:57:41.965660865+00:00,233.55
2024-10-21 11:57:42.074173420+00:00,233.49
2024-10-21 11:57:42.169221771+00:00,233.5
2024-10-21 11:57:42.207878969+00:00,233.5
2024-10-21 11:57:42.313260974+00:00,233.49
2024-10-21 11:57:42.380159117+00:00,233.49
2024-10-21 11:57:42.412324426+00:00,233.49
2024-10-21 11:57:42.412336614+00:00,233.5
2024-10-21 11:57:48.072962640+00:00,233.5
2024-10-21 11:57:48.072974095+00:00,233.79
2024-10-21 11:57:48.072984615+00:00,233.8
2024-10-21 11:57:48.076659157+00:00,233.83
2024-10-21 11:57:48.076742621+00:00,233.86
2024-10-21 11:57:48.136477014+00:00,233.5
2024-10-21 11:57:48.136488492+00:00,233.51
2024-10-21 11:57:48.194611663+00:00,233.48
2024-10-21 11:57:48.194659897+00:00,233.49
2024-10-21 11:57:51.070607242+00:00,233.71
2024-10-21 11:57:51.271195500+00:00,233.79
2024-10-21 11:57:51.287108312+00:00,233.86
2024-10-21 11:57:51.287157718+00:00,233.85
2024-10-21 11:57:51.322699915+00:00,233.71
2024-10-21 11:57:52.317929239+00:00,233.79
2024-10-21 11:57:52.317942384+00:00,233.8
2024-10-21 11:57:58.266584280+00:00,233.79
2024-10-21 11:58:06.284720780+00:00,233.51
2024-10-21 11:58:06.284733562+00:00,233.49
2024-10-21 11:58:06.339571308+00:00,233.78
2024-10-21 11:58:06.359829740+00:00,233.49
2024-10-21 11:58:06.360206541+00:00,233.84
2024-10-21 11:58:06.360243785+00:00,233.85
2024-10-21 11:58:06.414660818+00:00,233.49
2024-10-21 11:58:06.414672832+00:00,233.51
2024-10-21 11:58:14.036350634+00:00,233.73
2024-10-21 11:58:14.036377136+00:00,233.78
2024-10-21 11:58:14.144708873+00:00,233.78
2024-10-21 11:58:18.578706483+00:00,233.78
2024-10-21 11:58:18.578717695+00:00,233.79
2024-10-21 11:58:18.649580622+00:00,233.79
2024-10-21 11:58:18.666193529+00:00,233.74
2024-10-21 11:58:18.666193529+00:00,233.74
2024-10-21 11:58:18.721960191+00:00,233.83
2024-10-21 11:58:18.722551669+00:00,233.9
2024-10-21 11:58:18.722579315+00:00,233.84
2024-10-21 11:58:18.733836431+00:00,233.83
2024-10-21 11:58:18.771745684+00:00,233.83
2024-10-21 11:58:19.574896952+00:00,233.83
2024-10-21 11:58:19.574907103+00:00,233.85
2024-10-21 11:58:19.604471701+00:00,233.52
2024-10-21 11:58:19.632503658+00:00,233.84
2024-10-21 11:58:21.722356897+00:00,233.84
2024-10-21 11:58:21.794663862+00:00,233.55
2024-10-21 11:58:32.993346096+00:00,233.56
2024-10-21 11:58:37.947553299+00:00,233.84
2024-10-21 11:58:37.947562931+00:00,233.84
2024-10-21 11:58:37.947573917+00:00,233.85
2024-10-21 11:58:40.491423845+00:00,233.49
2024-10-21 11:58:40.491466764+00:00,233.5
2024-10-21 11:58:50.556727313+00:00,233.84
2024-10-21 11:58:53.131341094+00:00,233.56
2024-10-21 11:58:53.954307531+00:00,233.74
2024-10-21 11:58:53.954307531+00:00,233.74
2024-10-21 11:58:53.954317948+00:00,233.66
2024-10-21 11:58:53.954477659+00:00,233.74
2024-10-21 11:58:53.954477659+00:00,233.74
2024-10-21 11:58:53.954501480+00:00,233.7
2024-10-21 11:58:53.954502815+00:00,233.68
2024-10-21 11:58:53.954507571+00:00,233.68
2024-10-21 11:58:53.954515456+00:00,233.68
2024-10-21 11:58:53.954518683+00:00,233.68
2024-10-21 11:58:53.954521070+00:00,233.7
2024-10-21 11:58:53.954534910+00:00,233.84
2024-10-21 11:58:53.954535707+00:00,233.67
2024-10-21 11:58:53.954546864+00:00,233.68
2024-10-21 11:58:53.954549208+00:00,233.7
2024-10-21 11:58:53.954555754+00:00,233.74
2024-10-21 11:58:53.954564591+00:00,233.68
2024-10-21 11:58:53.954570870+00:00,233.68
2024-10-21 11:58:53.954666995+00:00,233.66
2024-10-21 11:58:53.954950395+00:00,233.68
2024-10-21 11:58:54.013566047+00:00,233.84
2024-10-21 11:58:54.013589130+00:00,233.84
2024-10-21 11:58:54.021444014+00:00,233.84
2024-10-21 11:58:54.043347922+00:00,233.84
2024-10-21 11:58:54.063766628+00:00,233.67
2024-10-21 11:58:54.213766156+00:00,233.7
2024-10-21 11:58:58.704657287+00:00,233.54
2024-10-21 11:58:58.704745556+00:00,233.5
2024-10-21 11:58:58.758409305+00:00,233.56
2024-10-21 11:58:58.758422757+00:00,233.61
2024-10-21 11:58:58.912375357+00:00,233.66
2024-10-21 11:58:58.912551174+00:00,233.75
2024-10-21 11:58:58.912551174+00:00,233.75
2024-10-21 11:58:58.912551174+00:00,233.75
2024-10-21 11:58:58.912577219+00:00,233.68
2024-10-21 11:58:58.912588388+00:00,233.68
2024-10-21 11:58:58.912594900+00:00,233.7
2024-10-21 11:58:58.912609151+00:00,233.67
2024-10-21 11:58:58.912613899+00:00,233.68
2024-10-21 11:58:58.912617614+00:00,233.84
2024-10-21 11:58:58.912620981+00:00,233.71
2024-10-21 11:58:58.912628049+00:00,233.84
2024-10-21 11:58:58.912639087+00:00,233.68
2024-10-21 11:58:58.912642543+00:00,233.68
2024-10-21 11:58:58.912684059+00:00,233.66
2024-10-21 11:58:58.912954809+00:00,235.0
2024-10-21 11:58:58.926466671+00:00,233.85
2024-10-21 11:58:58.945466491+00:00,233.85
2024-10-21 11:58:58.980196081+00:00,233.85
2024-10-21 11:58:58.980205607+00:00,233.85
2024-10-21 11:58:58.983388525+00:00,233.61
2024-10-21 11:58:58.983400771+00:00,233.56
2024-10-21 11:58:59.013763041+00:00,233.67
2024-10-21 11:58:59.013823110+00:00,233.85
2024-10-21 11:58:59.163763153+00:00,233.7
2024-10-21 11:59:00.168228588+00:00,233.54
2024-10-21 11:59:00.168269867+00:00,233.55
2024-10-21 11:59:00.853830846+00:00,233.84
2024-10-21 11:59:01.071525039+00:00,233.56
2024-10-21 11:59:01.071537379+00:00,233.54
2024-10-21 11:59:01.127333717+00:00,233.83
2024-10-21 11:59:01.141872098+00:00,233.83
2024-10-21 11:59:01.141884696+00:00,233.89
2024-10-21 11:59:01.197001468+00:00,233.55
2024-10-21 11:59:01.197013688+00:00,233.84
2024-10-21 11:59:01.308608556+00:00,233.83
2024-10-21 11:59:01.341702894+00:00,233.55
2024-10-21 11:59:01.341757997+00:00,233.53
2024-10-21 11:59:01.498729008+00:00,233.59
2024-10-21 11:59:01.983695936+00:00,233.59
2024-10-21 11:59:02.037392833+00:00,233.59
2024-10-21 11:59:02.037405330+00:00,233.6
2024-10-21 11:59:02.587275146+00:00,233.61
2024-10-21 11:59:05.075636621+00:00,233.83
2024-10-21 11:59:05.075648273+00:00,233.85
2024-10-21 11:59:05.129969945+00:00,233.62
2024-10-21 11:59:05.149534519+00:00,233.53
2024-10-21 11:59:05.149624943+00:00,233.54
2024-10-21 11:59:22.128191719+00:00,233.62
2024-10-21 11:59:22.128203635+00:00,233.6
2024-10-21 11:59:22.227115805+00:00,233.61
2024-10-21 11:59:22.702793943+00:00,233.61
2024-10-21 11:59:22.702805375+00:00,233.59
2024-10-21 11:59:22.748399070+00:00,233.84
2024-10-21 11:59:24.992210687+00:00,233.84
2024-10-21 11:59:29.283276904+00:00,233.84
2024-10-21 11:59:29.283287223+00:00,233.84
2024-10-21 11:59:29.283298495+00:00,233.89
2024-10-21 11:59:29.341806485+00:00,233.88
2024-10-21 11:59:29.368105783+00:00,233.83
2024-10-21 11:59:29.441553398+00:00,233.89
2024-10-21 11:59:29.441648558+00:00,233.9
2024-10-21 11:59:29.504292026+00:00,233.59
2024-10-21 11:59:29.550327634+00:00,233.59
2024-10-21 11:59:29.550340581+00:00,233.6
2024-10-21 11:59:30.102712999+00:00,233.77
2024-10-21 11:59:30.102712999+00:00,233.77
2024-10-21 11:59:30.102735583+00:00,233.68
2024-10-21 11:59:30.102746947+00:00,233.68
2024-10-21 11:59:30.102753002+00:00,233.71
2024-10-21 11:59:30.102766235+00:00,233.67
2024-10-21 11:59:30.102781049+00:00,233.68
2024-10-21 11:59:30.102784354+00:00,233.68
2024-10-21 11:59:30.166940785+00:00,233.83
2024-10-21 11:59:30.203764599+00:00,233.67
2024-10-21 11:59:30.353763576+00:00,233.71
2024-10-21 11:59:33.214948750+00:00,233.6
2024-10-21 11:59:33.268596579+00:00,233.6
2024-10-21 11:59:40.586082406+00:00,233.77
2024-10-21 11:59:40.711462280+00:00,233.77
2024-10-21 11:59:40.711462280+00:00,233.77
2024-10-21 11:59:44.915756078+00:00,233.61
2024-10-21 11:59:56.140334654+00:00,233.61
2024-10-21 11:59:56.140348516+00:00,233.59
2024-10-21 11:59:56.303825659+00:00,233.83
2024-10-21 11:59:56.303838548+00:00,233.85
2024-10-21 11:59:56.366678187+00:00,233.84
2024-10-21 11:59:56.374323675+00:00,233.89
2024-10-21 11:59:56.374379339+00:00,233.92
2024-10-21 11:59:57.076259289+00:00,233.92
2024-10-21 11:59:57.076314960+00:00,233.91
2024-10-21 11:59:57.121796841+00:00,233.61
2024-10-21 11:59:58.069271668+00:00,233.61
2024-10-21 11:59:58.069284093+00:00,233.59
2024-10-21 12:00:01.682008523+00:00,233.91
2024-10-21 12:00:01.682052966+00:00,233.9
2024-10-21 12:00:01.884638806+00:00,233.61
2024-10-21 12:00:02.064285089+00:00,233.61
2024-10-21 12:00:02.160356498+00:00,233.54
2024-10-21 12:00:02.160444679+00:00,233.49
2024-10-21 12:00:02.178747608+00:00,233.48
2024-10-21 12:00:02.219875510+00:00,233.56
2024-10-21 12:00:02.605471012+00:00,233.84
2024-10-21 12:00:02.834037742+00:00,233.56
2024-10-21 12:00:03.047639596+00:00,233.56
2024-10-21 12:00:03.047650452+00:00,233.56
2024-10-21 12:00:03.057465668+00:00,233.55
2024-10-21 12:00:03.060752951+00:00,233.55
2024-10-21 12:00:03.162897564+00:00,233.55
2024-10-21 12:00:03.902053598+00:00,233.56
2024-10-21 12:00:04.046818528+00:00,233.56
2024-10-21 12:00:04.147280360+00:00,233.56
2024-10-21 12:00:06.012108650+00:00,233.56
2024-10-21 12:00:06.012122140+00:00,233.52
2024-10-21 12:00:06.101295300+00:00,233.52
2024-10-21 12:00:06.101307454+00:00,233.5
2024-10-21 12:00:07.067376608+00:00,233.65
2024-10-21 12:00:07.067376608+00:00,233.65
2024-10-21 12:00:07.067419673+00:00,233.72
2024-10-21 12:00:07.067421371+00:00,233.5
2024-10-21 12:00:07.067467022+00:00,233.76
2024-10-21 12:00:07.086677914+00:00,233.5
2024-10-21 12:00:07.088999005+00:00,233.5
2024-10-21 12:00:07.089009480+00:00,233.5
2024-10-21 12:00:07.149589050+00:00,233.49
2024-10-21 12:00:07.149680427+00:00,233.43
2024-10-21 12:00:07.173766393+00:00,233.76
2024-10-21 12:00:07.190951663+00:00,233.44
2024-10-21 12:00:07.323764357+00:00,233.72
2024-10-21 12:00:07.337509459+00:00,233.44
2024-10-21 12:00:07.338114020+00:00,233.44
2024-10-21 12:00:07.646720038+00:00,233.66
2024-10-21 12:00:07.956169614+00:00,233.44
2024-10-21 12:00:07.965852395+00:00,233.84
2024-10-21 12:00:07.965864571+00:00,233.83
2024-10-21 12:00:08.010134216+00:00,233.44
2024-10-21 12:00:08.010145977+00:00,233.45
2024-10-21 12:00:08.944714285+00:00,233.9
2024-10-21 12:00:08.944755705+00:00,233.89
2024-10-21 12:00:11.760000282+00:00,233.46
2024-10-21 12:00:14.055732875+00:00,233.46
2024-10-21 12:00:14.158979266+00:00,233.45
2024-10-21 12:00:14.450532708+00:00,233.65
2024-10-21 12:00:15.203702787+00:00,233.66
2024-10-21 12:00:15.819869942+00:00,233.45
2024-10-21 12:00:15.819882720+00:00,233.43
2024-10-21 12:00:15.838554673+00:00,233.82
2024-10-21 12:00:15.866578232+00:00,233.43
2024-10-21 12:00:15.866633819+00:00,233.41
2024-10-21 12:00:15.951171652+00:00,233.89
2024-10-21 12:00:15.951251227+00:00,233.88
2024-10-21 12:00:16.054719712+00:00,233.43
2024-10-21 12:00:16.157998016+00:00,233.43
2024-10-21 12:00:16.338916301+00:00,233.43
2024-10-21 12:00:16.393554950+00:00,233.43
2024-10-21 12:00:16.393566799+00:00,233.44
2024-10-21 12:00:30.257881806+00:00,233.45
2024-10-21 12:00:31.949871042+00:00,233.45
2024-10-21 12:00:31.949883226+00:00,233.44
2024-10-21 12:00:34.385769828+00:00,233.45
2024-10-21 12:00:34.427987983+00:00,233.41
2024-10-21 12:00:34.428063663+00:00,233.42
2024-10-21 12:00:35.519789038+00:00,233.45
2024-10-21 12:00:35.519800735+00:00,233.44
2024-10-21 12:00:40.233143021+00:00,233.81
2024-10-21 12:00:40.246039339+00:00,233.44
2024-10-21 12:00:40.246051577+00:00,233.42
2024-10-21 12:00:40.301104866+00:00,233.8
2024-10-21 12:00:40.317525489+00:00,233.42
2024-10-21 12:00:40.317579213+00:00,233.4
2024-10-21 12:00:40.436754233+00:00,233.88
2024-10-21 12:00:40.436793684+00:00,233.87
2024-10-21 12:00:51.186556234+00:00,233.58
2024-10-21 12:00:51.249667336+00:00,233.74
2024-10-21 12:00:51.987589245+00:00,233.42
2024-10-21 12:00:51.987648731+00:00,233.8
2024-10-21 12:00:51.988166858+00:00,233.4
2024-10-21 12:00:51.988248573+00:00,233.45
2024-10-21 12:00:52.042752970+00:00,233.42
2024-10-21 12:00:52.042765437+00:00,233.49
2024-10-21 12:00:53.989325211+00:00,233.49
2024-10-21 12:00:53.989336874+00:00,233.47
2024-10-21 12:00:53.998541135+00:00,233.45
2024-10-21 12:00:53.998594585+00:00,233.39
2024-10-21 12:00:57.883000+00:00,233.39
2024-10-21 12:00:57.883056751+00:00,233.4
2024-10-21 12:00:58.996621223+00:00,233.47
2024-10-21 12:00:58.996633732+00:00,233.45
2024-10-21 12:01:00.317542037+00:00,233.45
2024-10-21 12:01:01.594618675+00:00,233.45
2024-10-21 12:01:02.481414409+00:00,233.45
2024-10-21 12:01:02.481427194+00:00,233.47
2024-10-21 12:01:02.481437815+00:00,233.8
2024-10-21 12:01:02.481449719+00:00,233.82
2024-10-21 12:01:02.537411197+00:00,233.81
2024-10-21 12:01:02.855205010+00:00,233.48
2024-10-21 12:01:04.580232646+00:00,233.48
2024-10-21 12:01:04.580244325+00:00,233.46
2024-10-21 12:01:04.634702173+00:00,233.79
2024-10-21 12:01:04.658981181+00:00,233.87
2024-10-21 12:01:04.659042935+00:00,233.86
2024-10-21 12:01:04.741629959+00:00,233.46
2024-10-21 12:01:04.741641481+00:00,233.45
2024-10-21 12:01:04.804426665+00:00,233.78
2024-10-21 12:01:04.818909404+00:00,233.4
2024-10-21 12:01:04.818994775+00:00,233.37
2024-10-21 12:01:04.857007035+00:00,233.5
2024-10-21 12:01:05.922932529+00:00,233.86
2024-10-21 12:01:05.922966254+00:00,233.37
2024-10-21 12:01:05.923028260+00:00,233.85
2024-10-21 12:01:05.923061114+00:00,233.42
2024-10-21 12:01:06.781424093+00:00,233.5
2024-10-21 12:01:06.781437182+00:00,233.46
2024-10-21 12:01:07.185212354+00:00,233.46
2024-10-21 12:01:07.185224829+00:00,233.45
2024-10-21 12:01:07.565767784+00:00,233.46
2024-10-21 12:01:07.595799579+00:00,233.42
2024-10-21 12:01:07.595852119+00:00,233.43
2024-10-21 12:01:09.437841151+00:00,233.59
2024-10-21 12:01:11.781701764+00:00,233.46
2024-10-21 12:01:11.781713240+00:00,233.45
2024-10-21 12:01:13.838979517+00:00,233.43
2024-10-21 12:01:13.839070933+00:00,233.44
2024-10-21 12:01:33.939295458+00:00,233.5
2024-10-21 12:01:35.962900590+00:00,233.78
2024-10-21 12:01:35.963468384+00:00,233.8
2024-10-21 12:01:35.963501831+00:00,233.85
2024-10-21 12:01:36.017994443+00:00,233.78
2024-10-21 12:01:36.018008103+00:00,233.74
2024-10-21 12:01:37.328372588+00:00,233.79
2024-10-21 12:01:37.328448858+00:00,233.73
2024-10-21 12:01:37.328482738+00:00,233.8
2024-10-21 12:01:37.359224760+00:00,233.44
2024-10-21 12:01:37.359337685+00:00,233.42
2024-10-21 12:01:37.396952090+00:00,233.51
2024-10-21 12:01:37.923006207+00:00,233.79
2024-10-21 12:01:37.923035401+00:00,233.42
2024-10-21 12:01:37.923099010+00:00,233.47
2024-10-21 12:01:37.923141688+00:00,233.78
2024-10-21 12:01:42.535186906+00:00,233.73
2024-10-21 12:01:42.535199542+00:00,233.77
2024-10-21 12:01:42.538298989+00:00,233.78
2024-10-21 12:01:42.538396440+00:00,233.84
2024-10-21 12:01:44.767942496+00:00,233.52
2024-10-21 12:01:44.773272494+00:00,233.47
2024-10-21 12:01:44.773315201+00:00,233.48
2024-10-21 12:01:46.087712989+00:00,233.6
2024-10-21 12:01:46.088087887+00:00,233.6
2024-10-21 12:01:48.662449384+00:00,233.52
2024-10-21 12:01:48.662461832+00:00,233.5
2024-10-21 12:01:48.663006081+00:00,233.48
2024-10-21 12:01:48.663060459+00:00,233.42
2024-10-21 12:01:50.803408210+00:00,233.42
2024-10-21 12:01:50.803449763+00:00,233.43
2024-10-21 12:01:59.276468415+00:00,233.59
2024-10-21 12:01:59.277562747+00:00,233.6
2024-10-21 12:02:01.448038651+00:00,233.74
2024-10-21 12:02:05.406537956+00:00,233.77
2024-10-21 12:02:05.406550192+00:00,233.79
2024-10-21 12:02:05.521390954+00:00,233.78
2024-10-21 12:02:07.782798949+00:00,233.77
2024-10-21 12:02:17.703470063+00:00,233.77
2024-10-21 12:02:17.703482613+00:00,233.79
2024-10-21 12:02:17.758071973+00:00,233.51
2024-10-21 12:02:17.837786779+00:00,233.79
2024-10-21 12:02:18.878119302+00:00,233.43
2024-10-21 12:02:18.878154633+00:00,233.86
2024-10-21 12:02:18.939543004+00:00,233.84
2024-10-21 12:02:30.307162147+00:00,233.43
2024-10-21 12:02:44.176288366+00:00,233.6
2024-10-21 12:02:44.176621537+00:00,233.6
2024-10-21 12:02:48.812722097+00:00,233.6
2024-10-21 12:02:48.883865862+00:00,233.51
2024-10-21 12:02:48.883880917+00:00,233.48
2024-10-21 12:02:49.759332649+00:00,233.51
2024-10-21 12:02:54.518612296+00:00,233.79
2024-10-21 12:02:54.518624596+00:00,233.78
2024-10-21 12:02:54.523940080+00:00,233.85
2024-10-21 12:02:54.524017462+00:00,233.86
2024-10-21 12:02:56.706628033+00:00,233.51
2024-10-21 12:02:56.706639645+00:00,233.49
2024-10-21 12:02:56.761416724+00:00,233.77
2024-10-21 12:02:56.763029737+00:00,233.49
2024-10-21 12:02:56.828592562+00:00,233.84
2024-10-21 12:02:56.828630121+00:00,233.85
2024-10-21 12:02:58.875085988+00:00,233.49
2024-10-21 12:02:58.875097976+00:00,233.5
2024-10-21 12:02:59.629692844+00:00,233.5
2024-10-21 12:02:59.629704420+00:00,233.49
2024-10-21 12:03:04.465116162+00:00,233.5
2024-10-21 12:03:23.013257512+00:00,233.5
2024-10-21 12:03:23.013270046+00:00,233.48
2024-10-21 12:03:36.462240600+00:00,233.76
2024-10-21 12:03:36.477257436+00:00,233.4
2024-10-21 12:03:36.477483536+00:00,233.43
2024-10-21 12:03:36.477526397+00:00,233.84
2024-10-21 12:03:36.477570977+00:00,233.83
2024-10-21 12:03:37.922916443+00:00,233.83
2024-10-21 12:03:37.922990125+00:00,233.82
2024-10-21 12:03:38.391113474+00:00,233.66
2024-10-21 12:03:38.520085682+00:00,233.41
2024-10-21 12:03:38.520115737+00:00,233.4
2024-10-21 12:03:55.424131689+00:00,233.41
2024-10-21 12:03:55.424188038+00:00,233.42
2024-10-21 12:03:55.618218602+00:00,233.76
2024-10-21 12:03:55.618231402+00:00,233.78
2024-10-21 12:03:55.674377683+00:00,233.49
2024-10-21 12:03:55.688445687+00:00,233.82
2024-10-21 12:03:55.688489469+00:00,233.85
2024-10-21 12:03:55.728447009+00:00,233.77
2024-10-21 12:03:56.332225034+00:00,233.42
2024-10-21 12:03:56.332253646+00:00,233.85
2024-10-21 12:03:56.332311467+00:00,233.84
2024-10-21 12:03:56.332342495+00:00,233.47
2024-10-21 12:03:56.388992803+00:00,233.57
2024-10-21 12:03:56.896105724+00:00,233.47
2024-10-21 12:03:56.896208906+00:00,233.52
2024-10-21 12:04:00.333416396+00:00,233.58
2024-10-21 12:04:00.453606564+00:00,233.53
2024-10-21 12:04:00.453632315+00:00,233.52
2024-10-21 12:04:01.301464181+00:00,233.65
2024-10-21 12:04:01.372206492+00:00,233.58
2024-10-21 12:04:01.372219216+00:00,233.55
2024-10-21 12:04:01.372796891+00:00,233.53
2024-10-21 12:04:01.644457609+00:00,233.58
2024-10-21 12:04:05.632550110+00:00,233.53
2024-10-21 12:04:12.155049282+00:00,233.77
2024-10-21 12:04:12.156256239+00:00,233.72
2024-10-21 12:04:12.260774944+00:00,233.82
2024-10-21 12:04:16.430845992+00:00,233.82
2024-10-21 12:04:16.499853888+00:00,233.58
2024-10-21 12:04:16.509417925+00:00,233.57
2024-10-21 12:04:19.069602567+00:00,233.57
2024-10-21 12:04:19.069614798+00:00,233.54
2024-10-21 12:04:19.070597243+00:00,233.53
2024-10-21 12:04:19.070641181+00:00,233.47
2024-10-21 12:04:19.474987580+00:00,233.57
2024-10-21 12:04:19.884911653+00:00,233.47
2024-10-21 12:04:19.885049397+00:00,233.52
2024-10-21 12:04:26.481060587+00:00,233.57
2024-10-21 12:04:26.481072450+00:00,233.56
2024-10-21 12:04:26.535918353+00:00,233.82
2024-10-21 12:04:26.535930308+00:00,233.81
2024-10-21 12:04:26.555072803+00:00,233.84
2024-10-21 12:04:26.555132343+00:00,233.83
2024-10-21 12:04:26.566152901+00:00,233.56
2024-10-21 12:04:26.621148067+00:00,233.56
2024-10-21 12:04:26.621160396+00:00,233.58
2024-10-21 12:04:27.723319849+00:00,233.59
2024-10-21 12:04:27.735053874+00:00,233.59
2024-10-21 12:04:27.735066380+00:00,233.57
2024-10-21 12:04:40.612532228+00:00,234.15
2024-10-21 12:04:47.058697813+00:00,233.72
2024-10-21 12:04:51.210492220+00:00,233.81
2024-10-21 12:04:51.210504256+00:00,233.83
2024-10-21 12:04:51.271373633+00:00,233.52
2024-10-21 12:04:51.271438407+00:00,233.53
2024-10-21 12:04:51.271510236+00:00,233.82
2024-10-21 12:04:51.316443773+00:00,233.82
2024-10-21 12:04:54.735741554+00:00,233.58
2024-10-21 12:05:01.936493423+00:00,233.82
2024-10-21 12:05:01.936505877+00:00,233.77
2024-10-21 12:05:05.090737406+00:00,234.15
2024-10-21 12:05:15.858212657+00:00,233.77
2024-10-21 12:05:15.858226719+00:00,233.82
2024-10-21 12:05:18.858600266+00:00,233.82
2024-10-21 12:05:27.769244591+00:00,233.72
2024-10-21 12:05:27.769244591+00:00,233.72
2024-10-21 12:05:27.769266569+00:00,233.68
2024-10-21 12:05:27.769279547+00:00,233.68
2024-10-21 12:05:27.769282701+00:00,233.67
2024-10-21 12:05:27.769319506+00:00,233.68
2024-10-21 12:05:27.769383987+00:00,233.68
2024-10-21 12:05:27.870580890+00:00,233.67
2024-10-21 12:05:30.107740673+00:00,233.7
2024-10-21 12:05:35.113109625+00:00,233.57
2024-10-21 12:05:35.113122799+00:00,233.52
2024-10-21 12:05:40.025196163+00:00,233.82
2024-10-21 12:05:40.028003470+00:00,233.78
2024-10-21 12:05:40.028003470+00:00,233.78
2024-10-21 12:05:40.028006695+00:00,233.82
2024-10-21 12:05:40.028030027+00:00,233.74
2024-10-21 12:05:40.028032659+00:00,233.72
2024-10-21 12:05:40.028041901+00:00,233.72
2024-10-21 12:05:40.028043931+00:00,233.74
2024-10-21 12:05:40.028048443+00:00,233.74
2024-10-21 12:05:40.028054971+00:00,233.72
2024-10-21 12:05:40.028063174+00:00,233.71
2024-10-21 12:05:40.028066207+00:00,233.74
2024-10-21 12:05:40.028077104+00:00,233.74
2024-10-21 12:05:40.028094970+00:00,233.8
2024-10-21 12:05:40.028094970+00:00,233.8
2024-10-21 12:05:40.028097758+00:00,233.7
2024-10-21 12:05:40.028115361+00:00,233.79
2024-10-21 12:05:40.028121192+00:00,233.7
2024-10-21 12:05:40.028128644+00:00,233.72
2024-10-21 12:05:40.028156649+00:00,233.72
2024-10-21 12:05:40.028365786+00:00,233.79
2024-10-21 12:05:40.028429209+00:00,233.72
2024-10-21 12:05:40.028485091+00:00,233.7
2024-10-21 12:05:40.028584035+00:00,233.7
2024-10-21 12:05:40.055564914+00:00,233.78
2024-10-21 12:05:40.071027333+00:00,233.78
2024-10-21 12:05:40.096302346+00:00,233.83
2024-10-21 12:05:40.096345392+00:00,233.89
2024-10-21 12:05:40.133764520+00:00,233.71
2024-10-21 12:05:40.147760543+00:00,233.58
2024-10-21 12:05:40.167062454+00:00,233.88
2024-10-21 12:05:40.279040532+00:00,233.74
2024-10-21 12:05:40.371306716+00:00,233.59
2024-10-21 12:05:40.371534341+00:00,233.88
2024-10-21 12:05:40.371545573+00:00,233.92
2024-10-21 12:05:40.371797762+00:00,233.58
2024-10-21 12:05:40.371831552+00:00,233.53
2024-10-21 12:05:40.422122396+00:00,233.68
2024-10-21 12:05:41.922932814+00:00,233.58
2024-10-21 12:05:41.923000912+00:00,233.63
2024-10-21 12:05:41.948630132+00:00,233.79
2024-10-21 12:05:41.951962933+00:00,233.68
2024-10-21 12:05:41.951975929+00:00,233.65
2024-10-21 12:05:41.952567424+00:00,233.89
2024-10-21 12:05:41.952619801+00:00,233.95
2024-10-21 12:05:43.153724103+00:00,233.69
2024-10-21 12:05:43.258685033+00:00,233.78
2024-10-21 12:05:43.258685033+00:00,233.78
2024-10-21 12:05:43.258755715+00:00,233.69
2024-10-21 12:05:43.337323654+00:00,233.59
2024-10-21 12:05:43.337453873+00:00,233.92
2024-10-21 12:05:43.337912322+00:00,233.63
2024-10-21 12:05:43.337965586+00:00,233.52
2024-10-21 12:05:43.365778374+00:00,233.59
2024-10-21 12:05:43.393790686+00:00,233.92
2024-10-21 12:05:43.393803680+00:00,233.88
2024-10-21 12:05:43.596064460+00:00,233.59
2024-10-21 12:05:43.596076460+00:00,233.65
2024-10-21 12:05:45.922885872+00:00,233.52
2024-10-21 12:05:45.923016443+00:00,233.58
2024-10-21 12:05:46.352758108+00:00,233.76
2024-10-21 12:05:46.952418271+00:00,233.88
2024-10-21 12:05:46.952433308+00:00,233.93
2024-10-21 12:05:47.007021590+00:00,233.68
2024-10-21 12:05:48.195531738+00:00,233.93
2024-10-21 12:05:48.195615637+00:00,233.78
2024-10-21 12:05:48.195615637+00:00,233.76
2024-10-21 12:05:48.195615637+00:00,233.76
2024-10-21 12:05:48.195638794+00:00,233.85
2024-10-21 12:05:48.195643749+00:00,233.9
2024-10-21 12:05:48.195651625+00:00,233.91
2024-10-21 12:05:48.195652834+00:00,233.85
2024-10-21 12:05:48.195667975+00:00,233.91
2024-10-21 12:05:48.195671113+00:00,233.68
2024-10-21 12:05:48.195675914+00:00,233.91
2024-10-21 12:05:48.195679038+00:00,233.9
2024-10-21 12:05:48.195690635+00:00,233.85
2024-10-21 12:05:48.195701993+00:00,233.9
2024-10-21 12:05:48.195706051+00:00,233.91
2024-10-21 12:05:48.195771617+00:00,233.91
2024-10-21 12:05:48.195800135+00:00,233.84
2024-10-21 12:05:48.195848770+00:00,233.9
2024-10-21 12:05:48.195954138+00:00,233.9
2024-10-21 12:05:48.259822838+00:00,233.59
2024-10-21 12:05:48.263346529+00:00,233.58
2024-10-21 12:05:48.297202075+00:00,233.93
2024-10-21 12:05:48.297231678+00:00,233.91
2024-10-21 12:05:48.313231819+00:00,233.88
2024-10-21 12:05:48.453765847+00:00,233.85
2024-10-21 12:05:48.461428130+00:00,233.88
2024-10-21 12:05:48.825644162+00:00,233.62
2024-10-21 12:05:49.592099813+00:00,233.65
2024-10-21 12:05:52.517180690+00:00,233.57
2024-10-21 12:05:55.930110286+00:00,233.65
2024-10-21 12:05:57.922929284+00:00,233.57
2024-10-21 12:05:57.923066098+00:00,233.58
2024-10-21 12:06:05.427139071+00:00,233.8
2024-10-21 12:06:06.690796307+00:00,233.88
2024-10-21 12:06:06.690808686+00:00,233.87
2024-10-21 12:06:06.701910843+00:00,233.95
2024-10-21 12:06:06.701967763+00:00,233.94
2024-10-21 12:06:06.737555073+00:00,233.65
2024-10-21 12:06:06.737568257+00:00,233.63
2024-10-21 12:06:06.784651971+00:00,233.63
2024-10-21 12:06:06.795491217+00:00,233.63
2024-10-21 12:06:06.795502438+00:00,233.64
2024-10-21 12:06:07.734697882+00:00,233.74
2024-10-21 12:06:07.735102284+00:00,233.74
2024-10-21 12:06:07.797318931+00:00,233.94
2024-10-21 12:06:07.797428592+00:00,233.93
2024-10-21 12:06:07.802356464+00:00,233.87
2024-10-21 12:06:07.802368533+00:00,233.92
2024-10-21 12:06:07.805948070+00:00,233.64
2024-10-21 12:06:07.846428844+00:00,233.92
2024-10-21 12:06:07.848909781+00:00,233.64
2024-10-21 12:06:07.896522805+00:00,233.92
2024-10-21 12:06:07.896534876+00:00,233.89
2024-10-21 12:06:08.694025455+00:00,233.88
2024-10-21 12:06:17.680964159+00:00,233.58
2024-10-21 12:06:17.681006872+00:00,233.55
2024-10-21 12:06:17.696105981+00:00,233.93
2024-10-21 12:06:18.819178890+00:00,233.74
2024-10-21 12:06:18.819594049+00:00,233.74
2024-10-21 12:06:18.820239929+00:00,233.64
2024-10-21 12:06:18.821093344+00:00,233.8
2024-10-21 12:06:18.873162917+00:00,233.63
2024-10-21 12:06:18.892219598+00:00,233.88
2024-10-21 12:06:18.892231335+00:00,233.91
2024-10-21 12:06:18.892290341+00:00,233.91
2024-10-21 12:06:19.678000980+00:00,233.63
2024-10-21 12:06:19.696727473+00:00,233.63
2024-10-21 12:06:19.696738939+00:00,233.64
2024-10-21 12:06:22.179031254+00:00,233.64
2024-10-21 12:06:29.265587376+00:00,233.55
2024-10-21 12:06:29.265653484+00:00,233.56
2024-10-21 12:06:29.265699161+00:00,233.94
2024-10-21 12:06:31.862439229+00:00,233.56
2024-10-21 12:06:31.862509699+00:00,233.57
2024-10-21 12:06:39.032886978+00:00,233.91
2024-10-21 12:06:39.137156502+00:00,233.92
2024-10-21 12:06:46.758024329+00:00,233.64
2024-10-21 12:06:46.812855420+00:00,233.64
2024-10-21 12:06:46.812867723+00:00,233.65
2024-10-21 12:06:46.863385247+00:00,233.57
2024-10-21 12:06:46.888617346+00:00,233.58
2024-10-21 12:06:48.285146479+00:00,233.92
2024-10-21 12:06:48.317330539+00:00,233.93
2024-10-21 12:06:48.791506901+00:00,233.79
2024-10-21 12:06:48.791534978+00:00,233.79
2024-10-21 12:06:48.791534978+00:00,233.79
2024-10-21 12:06:48.791573564+00:00,233.74
2024-10-21 12:06:48.791586310+00:00,233.71
2024-10-21 12:06:48.893768793+00:00,233.71
2024-10-21 12:06:49.043764990+00:00,233.74
2024-10-21 12:06:49.574441885+00:00,233.66
2024-10-21 12:06:51.353578115+00:00,233.66
2024-10-21 12:06:51.353591847+00:00,233.64
2024-10-21 12:06:53.388459101+00:00,233.65
2024-10-21 12:06:56.110160994+00:00,233.8
2024-10-21 12:06:56.110195323+00:00,233.93
2024-10-21 12:06:56.110459619+00:00,233.8
2024-10-21 12:06:56.110506828+00:00,233.94
2024-10-21 12:06:56.200078370+00:00,233.65
2024-10-21 12:06:56.253414674+00:00,233.65
2024-10-21 12:06:56.253426681+00:00,233.66
2024-10-21 12:06:56.253770667+00:00,233.66
2024-10-21 12:06:56.253914719+00:00,233.58
2024-10-21 12:06:56.254006802+00:00,233.64
2024-10-21 12:06:56.262048229+00:00,233.66
2024-10-21 12:06:56.262061304+00:00,233.61
2024-10-21 12:06:56.280865568+00:00,233.64
2024-10-21 12:06:56.343913221+00:00,233.66
2024-10-21 12:06:57.181891624+00:00,233.58
2024-10-21 12:06:59.253990761+00:00,233.66
2024-10-21 12:06:59.254521031+00:00,233.58
2024-10-21 12:06:59.254578130+00:00,233.64
2024-10-21 12:06:59.308464431+00:00,233.66
2024-10-21 12:06:59.308477350+00:00,233.7
2024-10-21 12:07:03.723636278+00:00,233.93
2024-10-21 12:07:06.239446409+00:00,233.7
2024-10-21 12:07:06.347474732+00:00,233.7
2024-10-21 12:07:21.424028257+00:00,233.93
2024-10-21 12:07:21.424041784+00:00,233.95
2024-10-21 12:07:21.478349682+00:00,233.71
2024-10-21 12:07:21.488058823+00:00,233.64
2024-10-21 12:07:21.488100749+00:00,233.65
2024-10-21 12:07:21.502492836+00:00,233.94
2024-10-21 12:07:21.502548349+00:00,233.97
2024-10-21 12:07:24.037331253+00:00,233.94
2024-10-21 12:07:24.051643239+00:00,233.97
2024-10-21 12:07:24.051685450+00:00,233.96
2024-10-21 12:07:31.492189570+00:00,233.93
2024-10-21 12:07:31.505459563+00:00,233.96
2024-10-21 12:07:31.506518669+00:00,233.95
2024-10-21 12:07:32.030551990+00:00,233.71
2024-10-21 12:07:32.030564032+00:00,233.69
2024-10-21 12:07:33.189588145+00:00,233.7
2024-10-21 12:07:34.413504555+00:00,233.71
2024-10-21 12:07:51.491296294+00:00,233.87
2024-10-21 12:07:51.491296294+00:00,233.88
2024-10-21 12:07:51.493462211+00:00,233.9
2024-10-21 12:07:51.493723176+00:00,233.86
2024-10-21 12:07:51.493724386+00:00,233.83
2024-10-21 12:07:51.493756947+00:00,233.93
2024-10-21 12:07:51.494118408+00:00,233.86
2024-10-21 12:07:51.502398180+00:00,233.83
2024-10-21 12:07:51.568012126+00:00,233.71
2024-10-21 12:07:51.600943259+00:00,233.99
2024-10-21 12:07:51.615820733+00:00,233.99
2024-10-21 12:07:51.619802962+00:00,233.65
2024-10-21 12:07:51.619884656+00:00,233.69
2024-10-21 12:07:51.619898253+00:00,233.95
2024-10-21 12:07:51.619921024+00:00,233.72
2024-10-21 12:07:51.619959682+00:00,234.07
2024-10-21 12:07:51.628191317+00:00,233.71
2024-10-21 12:07:51.628201644+00:00,233.71
2024-10-21 12:07:51.628212387+00:00,233.67
2024-10-21 12:07:51.686536494+00:00,234.0
2024-10-21 12:07:51.794799198+00:00,233.68
2024-10-21 12:07:51.814032926+00:00,233.71
2024-10-21 12:07:52.076548886+00:00,233.93
2024-10-21 12:07:52.076590310+00:00,233.82
2024-10-21 12:07:52.083763088+00:00,233.82
2024-10-21 12:07:52.139320651+00:00,233.69
2024-10-21 12:07:52.139355221+00:00,233.72
2024-10-21 12:07:52.139430957+00:00,233.7
2024-10-21 12:07:52.330233710+00:00,233.93
2024-10-21 12:07:52.330267041+00:00,233.82
2024-10-21 12:07:52.333762726+00:00,233.82
2024-10-21 12:07:53.654833970+00:00,233.93
2024-10-21 12:07:53.654870612+00:00,233.82
2024-10-21 12:07:53.663763591+00:00,233.82
2024-10-21 12:07:54.619783229+00:00,233.71
2024-10-21 12:07:54.619937567+00:00,234.0
2024-10-21 12:07:54.619949131+00:00,234.05
2024-10-21 12:07:54.620382308+00:00,233.72
2024-10-21 12:07:54.620490674+00:00,234.07
2024-10-21 12:07:54.620533693+00:00,234.12
2024-10-21 12:07:54.677762815+00:00,233.71
2024-10-21 12:07:54.677774981+00:00,233.8
2024-10-21 12:07:54.740560308+00:00,233.72
2024-10-21 12:07:54.740591753+00:00,233.7
2024-10-21 12:07:54.740668620+00:00,233.75
2024-10-21 12:07:57.005348310+00:00,233.93
2024-10-21 12:07:57.005348926+00:00,233.93
2024-10-21 12:07:57.005648252+00:00,233.91
2024-10-21 12:07:57.006073356+00:00,233.91
2024-10-21 12:07:57.069351091+00:00,234.05
2024-10-21 12:07:57.258842550+00:00,233.93
2024-10-21 12:07:58.008823092+00:00,233.94
2024-10-21 12:07:58.008823092+00:00,233.94
2024-10-21 12:07:58.008889077+00:00,234.05
2024-10-21 12:07:58.036947209+00:00,234.05
2024-10-21 12:07:58.162656656+00:00,234.05
2024-10-21 12:08:07.337716526+00:00,233.81
2024-10-21 12:08:07.341475627+00:00,233.76
2024-10-21 12:08:07.343053018+00:00,233.75
2024-10-21 12:08:11.980882050+00:00,233.93
2024-10-21 12:08:11.980882050+00:00,233.94
2024-10-21 12:08:11.980882050+00:00,233.94
2024-10-21 12:08:22.863309742+00:00,233.81
2024-10-21 12:08:22.863323283+00:00,233.73
2024-10-21 12:08:22.881949837+00:00,233.76
2024-10-21 12:08:22.881992297+00:00,233.71
2024-10-21 12:08:22.934444989+00:00,233.73
2024-10-21 12:08:25.917764011+00:00,233.77
2024-10-21 12:08:36.931191504+00:00,234.05
2024-10-21 12:08:36.931201585+00:00,234.05
2024-10-21 12:08:36.931212780+00:00,234.07
2024-10-21 12:08:36.985980884+00:00,233.78
2024-10-21 12:08:37.008605354+00:00,233.72
2024-10-21 12:08:37.008657827+00:00,233.71
2024-10-21 12:08:37.017706043+00:00,234.09
2024-10-21 12:08:37.017734583+00:00,234.12
2024-10-21 12:08:37.054120455+00:00,234.04
2024-10-21 12:08:37.140123992+00:00,234.03
2024-10-21 12:08:37.210561446+00:00,233.78
2024-10-21 12:08:37.210572545+00:00,233.76
2024-10-21 12:08:37.269320274+00:00,234.02
2024-10-21 12:08:37.922862859+00:00,234.09
2024-10-21 12:08:37.922947266+00:00,234.07
2024-10-21 12:08:38.864074729+00:00,233.93
2024-10-21 12:08:38.864096354+00:00,233.76
2024-10-21 12:08:38.864439490+00:00,233.93
2024-10-21 12:08:38.972450149+00:00,233.74
2024-10-21 12:08:38.985809168+00:00,234.0
2024-10-21 12:08:39.004863316+00:00,234.0
2024-10-21 12:08:39.004876187+00:00,234.02
2024-10-21 12:08:39.005322111+00:00,233.75
2024-10-21 12:08:39.005350151+00:00,233.72
2024-10-21 12:08:39.007699591+00:00,234.02
2024-10-21 12:08:39.007712438+00:00,234.06
2024-10-21 12:08:39.069736562+00:00,233.75
2024-10-21 12:08:39.162773976+00:00,233.76
2024-10-21 12:08:41.638527966+00:00,233.77
2024-10-21 12:08:41.645312053+00:00,233.76
2024-10-21 12:08:41.701297052+00:00,233.76
2024-10-21 12:08:41.701320255+00:00,233.75
2024-10-21 12:08:41.701391064+00:00,233.76
2024-10-21 12:08:44.045776235+00:00,233.94
2024-10-21 12:08:44.045776717+00:00,233.94
2024-10-21 12:08:44.045799937+00:00,233.86
2024-10-21 12:08:44.045814276+00:00,233.81
2024-10-21 12:08:44.045826034+00:00,233.86
2024-10-21 12:08:44.045839714+00:00,233.8
2024-10-21 12:08:44.046075488+00:00,233.88
2024-10-21 12:08:44.046577511+00:00,233.88
2024-10-21 12:08:44.062697315+00:00,233.94
2024-10-21 12:08:44.062714891+00:00,233.94
2024-10-21 12:08:44.062714891+00:00,233.95
2024-10-21 12:08:44.070991133+00:00,233.95
2024-10-21 12:08:44.071001755+00:00,233.89
2024-10-21 12:08:44.071247115+00:00,233.89
2024-10-21 12:08:44.078717275+00:00,233.95
2024-10-21 12:08:44.078717275+00:00,233.96
2024-10-21 12:08:44.078717275+00:00,233.98
2024-10-21 12:08:44.078717275+00:00,233.98
2024-10-21 12:08:44.078717275+00:00,233.98
2024-10-21 12:08:44.078717275+00:00,233.98
2024-10-21 12:08:44.078746374+00:00,233.92
2024-10-21 12:08:44.078758339+00:00,233.91
2024-10-21 12:08:44.078760028+00:00,233.88
2024-10-21 12:08:44.078772524+00:00,233.87
2024-10-21 12:08:44.078783923+00:00,233.88
2024-10-21 12:08:44.115212449+00:00,234.07
2024-10-21 12:08:44.115267046+00:00,234.13
2024-10-21 12:08:44.149196088+00:00,233.8
2024-10-21 12:08:44.179409160+00:00,233.87
2024-10-21 12:08:44.303766562+00:00,233.85
2024-10-21 12:08:44.333763421+00:00,233.91
2024-10-21 12:08:45.554994588+00:00,234.43
2024-10-21 12:08:46.626940215+00:00,233.9
2024-10-21 12:08:56.736391728+00:00,233.9
2024-10-21 12:09:01.138241817+00:00,233.77
2024-10-21 12:09:01.138255251+00:00,233.73
2024-10-21 12:09:01.157397025+00:00,233.7
2024-10-21 12:09:01.157426276+00:00,233.76
2024-10-21 12:09:02.549437699+00:00,234.05
2024-10-21 12:09:02.576510264+00:00,234.13
2024-10-21 12:09:02.576563332+00:00,234.12
2024-10-21 12:09:04.138843955+00:00,233.7
2024-10-21 12:09:04.138894379+00:00,233.75
2024-10-21 12:09:04.194606283+00:00,233.81
2024-10-21 12:09:06.506604143+00:00,233.75
2024-10-21 12:09:06.565023952+00:00,233.76
2024-10-21 12:09:06.773392628+00:00,233.82
2024-10-21 12:09:10.542530771+00:00,233.9
2024-10-21 12:09:12.689157352+00:00,234.05
2024-10-21 12:09:12.689170703+00:00,234.06
2024-10-21 12:09:12.782576498+00:00,234.06
2024-10-21 12:09:13.223494596+00:00,233.83
2024-10-21 12:09:13.230924474+00:00,233.76
2024-10-21 12:09:13.230979969+00:00,233.77
2024-10-21 12:09:13.352263576+00:00,234.12
2024-10-21 12:09:13.352324097+00:00,234.14
2024-10-21 12:09:14.174258870+00:00,234.06
2024-10-21 12:09:14.174269739+00:00,234.06
2024-10-21 12:09:14.199409178+00:00,234.07
2024-10-21 12:09:15.368368108+00:00,233.83
2024-10-21 12:09:15.368381335+00:00,233.74
2024-10-21 12:09:15.368882161+00:00,233.77
2024-10-21 12:09:15.368983400+00:00,233.72
2024-10-21 12:09:15.972801291+00:00,233.98
2024-10-21 12:09:16.178054946+00:00,233.98
2024-10-21 12:09:17.673639410+00:00,233.98
2024-10-21 12:09:18.369344833+00:00,233.77
2024-10-21 12:09:18.369370009+00:00,233.72
2024-10-21 12:09:18.424025933+00:00,233.83
2024-10-21 12:09:26.336360989+00:00,233.83
2024-10-21 12:09:26.336373029+00:00,233.81
2024-10-21 12:09:26.336385729+00:00,234.07
2024-10-21 12:09:26.401883038+00:00,233.82
2024-10-21 12:09:30.048768796+00:00,234.07
2024-10-21 12:09:30.048780765+00:00,234.06
2024-10-21 12:09:30.065483395+00:00,234.14
2024-10-21 12:09:30.066245031+00:00,234.13
2024-10-21 12:09:32.077963808+00:00,233.9
2024-10-21 12:09:37.644355301+00:00,233.83
2024-10-21 12:09:38.208139554+00:00,233.97
2024-10-21 12:09:42.372615871+00:00,234.06
2024-10-21 12:09:42.372627823+00:00,234.07
2024-10-21 12:09:43.901315169+00:00,233.95
2024-10-21 12:09:45.133407519+00:00,233.98
2024-10-21 12:09:45.628579880+00:00,233.5
2024-10-21 12:09:48.089350946+00:00,234.07
2024-10-21 12:09:48.587030358+00:00,234.07
2024-10-21 12:09:48.587043020+00:00,234.06
2024-10-21 12:09:49.792724444+00:00,234.06
2024-10-21 12:09:53.122453611+00:00,233.97
2024-10-21 12:09:53.247009420+00:00,233.81
2024-10-21 12:09:53.247043259+00:00,233.77
2024-10-21 12:09:53.299918437+00:00,233.86
2024-10-21 12:09:54.363979828+00:00,234.06
2024-10-21 12:09:54.363990119+00:00,234.06
2024-10-21 12:09:54.402345010+00:00,234.06
2024-10-21 12:09:57.392602293+00:00,234.05
2024-10-21 12:09:57.432954262+00:00,234.13
2024-10-21 12:09:57.433015324+00:00,234.12
2024-10-21 12:10:00.023818184+00:00,233.98
2024-10-21 12:10:01.648302231+00:00,233.86
2024-10-21 12:10:01.648314395+00:00,233.84
2024-10-21 12:10:01.702573654+00:00,234.04
2024-10-21 12:10:01.719020950+00:00,234.04
2024-10-21 12:10:01.719033080+00:00,234.09
2024-10-21 12:10:01.724626959+00:00,234.11
2024-10-21 12:10:01.726066241+00:00,233.84
2024-10-21 12:10:01.751841665+00:00,234.11
2024-10-21 12:10:01.781661443+00:00,233.84
2024-10-21 12:10:01.781673802+00:00,233.87
2024-10-21 12:10:01.842775879+00:00,234.12
2024-10-21 12:10:02.294097461+00:00,234.16
2024-10-21 12:10:03.086137168+00:00,233.99
2024-10-21 12:10:03.188596704+00:00,233.87
2024-10-21 12:10:03.188608784+00:00,233.86
2024-10-21 12:10:03.188621108+00:00,234.09
2024-10-21 12:10:03.197531287+00:00,233.79
2024-10-21 12:10:03.247731199+00:00,234.09
2024-10-21 12:10:03.247744906+00:00,234.08
2024-10-21 12:10:03.255005064+00:00,233.81
2024-10-21 12:10:03.257914828+00:00,234.16
2024-10-21 12:10:03.459955473+00:00,234.08
2024-10-21 12:10:03.459967128+00:00,234.1
2024-10-21 12:10:03.514882942+00:00,233.87
2024-10-21 12:10:12.927978411+00:00,233.79
2024-10-21 12:10:12.928036467+00:00,233.8
2024-10-21 12:10:12.928066550+00:00,234.16
2024-10-21 12:10:13.161741583+00:00,233.87
2024-10-21 12:10:13.161754596+00:00,233.84
2024-10-21 12:10:17.086432603+00:00,233.99
2024-10-21 12:10:20.742267983+00:00,233.96
2024-10-21 12:10:22.088936277+00:00,233.99
2024-10-21 12:10:23.455694731+00:00,233.84
2024-10-21 12:10:23.510549173+00:00,233.84
2024-10-21 12:10:23.510561501+00:00,233.87
2024-10-21 12:10:24.014526498+00:00,233.88
2024-10-21 12:10:29.982925320+00:00,233.95
2024-10-21 12:10:32.696534026+00:00,233.8
2024-10-21 12:10:32.696591804+00:00,233.81
2024-10-21 12:10:36.255768918+00:00,233.88
2024-10-21 12:10:36.667879809+00:00,234.1
2024-10-21 12:10:36.667890580+00:00,234.12
2024-10-21 12:10:36.718839166+00:00,233.89
2024-10-21 12:10:36.743886554+00:00,234.16
2024-10-21 12:10:36.743997154+00:00,234.18
2024-10-21 12:10:42.064737913+00:00,233.89
2024-10-21 12:10:42.064751203+00:00,233.86
2024-10-21 12:10:43.289649676+00:00,234.11
2024-10-21 12:10:43.377793688+00:00,234.18
2024-10-21 12:10:43.377874040+00:00,234.17
2024-10-21 12:10:45.117298924+00:00,233.88
2024-10-21 12:10:50.849951366+00:00,233.89
2024-10-21 12:10:52.970596564+00:00,234.25
2024-10-21 12:10:53.810283344+00:00,233.96
2024-10-21 12:10:53.881437911+00:00,233.89
2024-10-21 12:10:53.881449961+00:00,233.86
2024-10-21 12:10:54.127647992+00:00,233.86
2024-10-21 12:10:54.127659727+00:00,233.78
2024-10-21 12:10:54.146847471+00:00,233.81
2024-10-21 12:10:54.146889193+00:00,233.76
2024-10-21 12:10:54.146930519+00:00,234.13
2024-10-21 12:10:54.147042446+00:00,234.17
2024-10-21 12:10:54.198356340+00:00,234.06
2024-10-21 12:10:57.184732013+00:00,233.82
2024-10-21 12:10:57.589931819+00:00,233.83
2024-10-21 12:10:57.806606311+00:00,233.83
2024-10-21 12:10:57.806619389+00:00,233.78
2024-10-21 12:10:59.771109174+00:00,233.76
2024-10-21 12:10:59.771161194+00:00,233.77
2024-10-21 12:11:00.807617417+00:00,233.77
2024-10-21 12:11:00.807657573+00:00,233.82
2024-10-21 12:11:00.863155159+00:00,233.87
2024-10-21 12:11:02.807100841+00:00,233.88
2024-10-21 12:11:08.220315875+00:00,233.88
2024-10-21 12:11:08.291449117+00:00,233.78
2024-10-21 12:11:08.292006615+00:00,233.76
2024-10-21 12:11:08.292044305+00:00,233.82
2024-10-21 12:11:10.442610415+00:00,233.79
2024-10-21 12:11:10.454786222+00:00,233.76
2024-10-21 12:11:10.454836386+00:00,233.77
2024-10-21 12:11:11.346234393+00:00,233.83
2024-10-21 12:11:18.869640062+00:00,233.83
2024-10-21 12:11:18.869653217+00:00,233.78
2024-10-21 12:11:21.873343400+00:00,233.77
2024-10-21 12:11:21.873432987+00:00,233.81
2024-10-21 12:11:21.928253749+00:00,233.86
2024-10-21 12:11:22.072355634+00:00,233.86
2024-10-21 12:11:22.072368471+00:00,233.78
2024-10-21 12:11:22.072864187+00:00,233.81
2024-10-21 12:11:22.937969054+00:00,233.98
2024-10-21 12:11:23.000862969+00:00,233.76
2024-10-21 12:11:25.072916074+00:00,234.06
2024-10-21 12:11:25.072929618+00:00,234.12
2024-10-21 12:11:25.073291984+00:00,233.76
2024-10-21 12:11:25.073388717+00:00,233.81
2024-10-21 12:11:25.073972612+00:00,234.13
2024-10-21 12:11:25.074100004+00:00,234.18
2024-10-21 12:11:25.129294511+00:00,233.86
2024-10-21 12:11:27.120005157+00:00,233.86
2024-10-21 12:11:27.120018111+00:00,233.78
2024-10-21 12:11:27.120506757+00:00,233.81
2024-10-21 12:11:27.120548454+00:00,233.76
2024-10-21 12:11:27.120650159+00:00,234.13
2024-10-21 12:11:27.120720548+00:00,234.18
2024-10-21 12:11:27.177529449+00:00,234.06
2024-10-21 12:11:30.179103980+00:00,233.82
2024-10-21 12:11:34.156391256+00:00,233.82
2024-10-21 12:11:34.156403417+00:00,233.78
2024-10-21 12:11:36.738675617+00:00,233.9
2024-10-21 12:11:37.210931791+00:00,233.82
2024-10-21 12:11:40.138482175+00:00,233.82
2024-10-21 12:11:40.138496802+00:00,233.78
2024-10-21 12:11:43.193475620+00:00,233.82
2024-10-21 12:11:45.774723015+00:00,233.98
2024-10-21 12:11:45.843943302+00:00,233.82
2024-10-21 12:11:45.843955896+00:00,233.78
2024-10-21 12:11:48.580722768+00:00,233.79
2024-10-21 12:11:48.598471411+00:00,233.76
2024-10-21 12:11:48.598514970+00:00,233.77
2024-10-21 12:11:48.899046660+00:00,233.83
2024-10-21 12:11:50.834920978+00:00,233.83
2024-10-21 12:11:50.924089402+00:00,233.83
2024-10-21 12:11:53.326572732+00:00,233.83
2024-10-21 12:11:53.326585955+00:00,233.79
2024-10-21 12:11:56.382477901+00:00,233.83
2024-10-21 12:12:02.086529609+00:00,233.97
2024-10-21 12:12:02.213802116+00:00,233.83
2024-10-21 12:12:02.316648939+00:00,233.82
2024-10-21 12:12:08.967185824+00:00,233.97
2024-10-21 12:12:08.996704242+00:00,233.96
2024-10-21 12:12:08.996733815+00:00,233.82
2024-10-21 12:12:09.099739392+00:00,233.82
2024-10-21 12:12:10.232691130+00:00,233.83
2024-10-21 12:12:22.882127538+00:00,233.83
2024-10-21 12:12:22.882140909+00:00,233.78
2024-10-21 12:12:25.936845190+00:00,233.82
2024-10-21 12:12:28.133772380+00:00,233.83
2024-10-21 12:12:28.677449361+00:00,233.83
2024-10-21 12:12:28.677461375+00:00,233.78
2024-10-21 12:12:31.318823338+00:00,234.06
2024-10-21 12:12:31.397839079+00:00,233.98
2024-10-21 12:12:31.425804077+00:00,234.07
2024-10-21 12:12:31.453857757+00:00,233.79
2024-10-21 12:12:31.678952187+00:00,233.77
2024-10-21 12:12:31.679008317+00:00,233.82
2024-10-21 12:12:31.733377635+00:00,233.87
2024-10-21 12:12:41.238712131+00:00,234.06
2024-10-21 12:12:43.651347870+00:00,233.87
2024-10-21 12:12:43.731132036+00:00,233.78
2024-10-21 12:12:43.731655758+00:00,233.82
2024-10-21 12:12:43.731785539+00:00,233.76
2024-10-21 12:12:46.780372537+00:00,233.82
2024-10-21 12:12:47.484476304+00:00,233.82
2024-10-21 12:12:47.484693420+00:00,233.99
2024-10-21 12:12:47.485023375+00:00,233.99
2024-10-21 12:12:47.604468075+00:00,233.78
2024-10-21 12:12:47.736191420+00:00,234.06
2024-10-21 12:12:48.104146428+00:00,233.9
2024-10-21 12:12:48.104146428+00:00,233.9
2024-10-21 12:12:48.104167967+00:00,233.98
2024-10-21 12:12:48.104178898+00:00,233.78
2024-10-21 12:12:48.104181225+00:00,233.98
2024-10-21 12:12:48.104185923+00:00,233.98
2024-10-21 12:12:48.104190565+00:00,233.95
2024-10-21 12:12:48.104196514+00:00,233.95
2024-10-21 12:12:48.104209602+00:00,233.98
2024-10-21 12:12:48.104217612+00:00,233.98
2024-10-21 12:12:48.176175311+00:00,233.71
2024-10-21 12:12:48.176204532+00:00,233.76
2024-10-21 12:12:48.176852661+00:00,233.71
2024-10-21 12:12:48.179929431+00:00,234.08
2024-10-21 12:12:48.179967058+00:00,234.13
2024-10-21 12:12:48.204254179+00:00,233.95
2024-10-21 12:12:48.204281167+00:00,233.98
2024-10-21 12:12:48.213961498+00:00,233.67
2024-10-21 12:12:48.232970230+00:00,234.06
2024-10-21 12:12:48.232983049+00:00,234.01
2024-10-21 12:12:48.247336117+00:00,233.67
2024-10-21 12:12:48.247348435+00:00,233.62
2024-10-21 12:12:48.306851049+00:00,233.72
2024-10-21 12:12:48.347879918+00:00,234.01
2024-10-21 12:12:48.347893041+00:00,234.06
2024-10-21 12:12:48.363762750+00:00,233.95
2024-10-21 12:12:49.107274312+00:00,233.72
2024-10-21 12:12:49.117556478+00:00,233.72
2024-10-21 12:12:49.170094147+00:00,233.65
2024-10-21 12:12:49.179568062+00:00,233.72
2024-10-21 12:12:50.108656247+00:00,233.72
2024-10-21 12:12:50.108666090+00:00,233.72
2024-10-21 12:12:50.212175433+00:00,233.72
2024-10-21 12:12:50.565304171+00:00,233.65
2024-10-21 12:12:50.565427767+00:00,233.71
2024-10-21 12:12:50.565500981+00:00,234.08
2024-10-21 12:12:50.565554902+00:00,234.13
2024-10-21 12:12:50.573844808+00:00,233.72
2024-10-21 12:12:50.619549454+00:00,233.72
2024-10-21 12:12:50.619562205+00:00,234.05
2024-10-21 12:12:50.622623771+00:00,234.01
2024-10-21 12:12:50.641554545+00:00,233.77
2024-10-21 12:12:50.682363924+00:00,234.01
2024-10-21 12:12:50.682376586+00:00,234.06
2024-10-21 12:12:50.736513051+00:00,233.77
2024-10-21 12:12:50.837707032+00:00,233.77
2024-10-21 12:12:50.886487788+00:00,233.77
2024-10-21 12:12:50.986777714+00:00,233.77
2024-10-21 12:12:51.039337327+00:00,233.77
2024-10-21 12:12:51.147897247+00:00,233.77
2024-10-21 12:12:51.221379329+00:00,233.77
2024-10-21 12:12:51.329937404+00:00,233.77
2024-10-21 12:12:51.374411634+00:00,233.77
2024-10-21 12:12:51.475039269+00:00,233.77
2024-10-21 12:12:51.507076220+00:00,233.77
2024-10-21 12:12:51.709226597+00:00,233.77
2024-10-21 12:12:52.481246232+00:00,233.77
2024-10-21 12:12:52.582845276+00:00,233.77
2024-10-21 12:12:53.922861024+00:00,233.71
2024-10-21 12:12:53.922963386+00:00,233.76
2024-10-21 12:12:59.628865467+00:00,233.78
2024-10-21 12:12:59.643737494+00:00,233.77
2024-10-21 12:12:59.691625988+00:00,233.76
2024-10-21 12:12:59.691649558+00:00,233.77
2024-10-21 12:12:59.691721965+00:00,233.77
2024-10-21 12:13:11.883729412+00:00,234.06
2024-10-21 12:13:11.920609443+00:00,234.06
2024-10-21 12:13:11.948637105+00:00,234.06
2024-10-21 12:13:21.542992246+00:00,234.06
2024-10-21 12:13:21.543002194+00:00,234.06
2024-10-21 12:13:21.543013145+00:00,234.08
2024-10-21 12:13:21.617135979+00:00,233.77
2024-10-21 12:13:21.617220419+00:00,233.72
2024-10-21 12:13:22.557831797+00:00,234.07
2024-10-21 12:13:25.371930587+00:00,233.79
2024-10-21 12:13:25.495542627+00:00,233.72
2024-10-21 12:13:25.495588580+00:00,233.73
2024-10-21 12:13:29.150340169+00:00,234.15
2024-10-21 12:13:29.268636112+00:00,234.13
2024-10-21 12:13:32.213682828+00:00,234.07
2024-10-21 12:13:32.213695191+00:00,234.09
2024-10-21 12:13:32.278804796+00:00,233.8
2024-10-21 12:13:32.362327800+00:00,234.15
2024-10-21 12:13:32.401872088+00:00,233.73
2024-10-21 12:13:32.412631196+00:00,234.11
2024-10-21 12:13:34.144724456+00:00,233.89
2024-10-21 12:13:34.145172866+00:00,233.89
2024-10-21 12:13:34.215278319+00:00,234.11
2024-10-21 12:13:34.277424242+00:00,234.06
2024-10-21 12:13:35.061077358+00:00,233.81
2024-10-21 12:13:35.075174042+00:00,233.81
2024-10-21 12:13:35.075183720+00:00,233.74
2024-10-21 12:13:35.077473825+00:00,234.06
2024-10-21 12:13:35.077485044+00:00,234.08
2024-10-21 12:13:35.086566953+00:00,233.74
2024-10-21 12:13:35.086579076+00:00,233.72
2024-10-21 12:13:35.108095991+00:00,233.94
2024-10-21 12:13:35.108095991+00:00,233.93
2024-10-21 12:13:35.108095991+00:00,233.9
2024-10-21 12:13:35.146372690+00:00,233.72
2024-10-21 12:13:35.146384339+00:00,233.7
2024-10-21 12:13:35.167869345+00:00,233.7
2024-10-21 12:13:35.175791647+00:00,233.64
2024-10-21 12:13:35.333929432+00:00,233.65
2024-10-21 12:13:35.352296693+00:00,233.7
2024-10-21 12:13:35.424351548+00:00,233.72
2024-10-21 12:13:38.131971887+00:00,233.77
2024-10-21 12:13:42.509087486+00:00,233.76
2024-10-21 12:13:42.509120725+00:00,234.13
2024-10-21 12:13:45.327353906+00:00,234.07
2024-10-21 12:13:45.348280342+00:00,234.13
2024-10-21 12:13:45.348322946+00:00,234.12
2024-10-21 12:13:45.469056600+00:00,233.98
2024-10-21 12:13:45.811467280+00:00,233.98
2024-10-21 12:13:45.811467280+00:00,234.0
2024-10-21 12:13:45.811467280+00:00,234.0
2024-10-21 12:13:45.811467280+00:00,234.0
2024-10-21 12:13:45.811476289+00:00,234.07
2024-10-21 12:13:45.811491355+00:00,233.9
2024-10-21 12:13:45.811500957+00:00,233.92
2024-10-21 12:13:45.811510984+00:00,234.0
2024-10-21 12:13:45.811510984+00:00,234.0
2024-10-21 12:13:45.811510984+00:00,234.0
2024-10-21 12:13:45.811510984+00:00,234.0
2024-10-21 12:13:45.811510984+00:00,234.0
2024-10-21 12:13:45.811510984+00:00,234.0
2024-10-21 12:13:45.811510984+00:00,234.0
2024-10-21 12:13:45.811530148+00:00,233.9
2024-10-21 12:13:45.811542984+00:00,233.96
2024-10-21 12:13:45.811544514+00:00,233.96
2024-10-21 12:13:45.811549682+00:00,233.94
2024-10-21 12:13:45.811550754+00:00,233.96
2024-10-21 12:13:45.811554820+00:00,233.96
2024-10-21 12:13:45.811565809+00:00,233.96
2024-10-21 12:13:45.811576962+00:00,233.96
2024-10-21 12:13:45.811587865+00:00,233.96
2024-10-21 12:13:45.811599315+00:00,233.94
2024-10-21 12:13:45.811625820+00:00,233.96
2024-10-21 12:13:45.811631245+00:00,234.0
2024-10-21 12:13:45.811639570+00:00,233.94
2024-10-21 12:13:45.811642361+00:00,233.96
2024-10-21 12:13:45.811656818+00:00,233.96
2024-10-21 12:13:45.811672313+00:00,233.96
2024-10-21 12:13:45.811687403+00:00,233.96
2024-10-21 12:13:45.811702067+00:00,233.94
2024-10-21 12:13:45.812035805+00:00,233.9
2024-10-21 12:13:45.812481448+00:00,233.9
2024-10-21 12:13:45.813014463+00:00,234.08
2024-10-21 12:13:45.813822327+00:00,233.92
2024-10-21 12:13:45.885550872+00:00,234.12
2024-10-21 12:13:45.885603142+00:00,234.18
2024-10-21 12:13:45.911619430+00:00,233.96
2024-10-21 12:13:45.911645974+00:00,233.93
2024-10-21 12:13:45.935267342+00:00,233.78
2024-10-21 12:13:45.969596688+00:00,234.12
2024-10-21 12:13:45.972210032+00:00,234.12
2024-10-21 12:13:45.973580511+00:00,234.19
2024-10-21 12:13:46.001375930+00:00,234.19
2024-10-21 12:13:46.030378750+00:00,234.19
2024-10-21 12:13:46.030391116+00:00,234.12
2024-10-21 12:13:46.063235483+00:00,233.96
2024-10-21 12:13:46.072722298+00:00,234.12
2024-10-21 12:13:46.072745549+00:00,234.13
2024-10-21 12:13:46.073052339+00:00,233.76
2024-10-21 12:13:46.073137112+00:00,233.81
2024-10-21 12:13:46.123324204+00:00,233.83
2024-10-21 12:13:46.134353286+00:00,233.83
2024-10-21 12:13:46.134366429+00:00,233.78
2024-10-21 12:13:46.134809159+00:00,233.81
2024-10-21 12:13:47.415362307+00:00,233.76
2024-10-21 12:13:48.136368928+00:00,234.13
2024-10-21 12:13:48.136382005+00:00,234.16
2024-10-21 12:13:54.483288659+00:00,234.16
2024-10-21 12:13:54.519759447+00:00,234.16
2024-10-21 12:13:54.519772638+00:00,234.15
2024-10-21 12:13:55.034111535+00:00,234.18
2024-10-21 12:13:55.034202690+00:00,234.17
2024-10-21 12:13:56.094538941+00:00,233.78
2024-10-21 12:13:56.094551306+00:00,233.76
2024-10-21 12:13:56.154206963+00:00,234.15
2024-10-21 12:13:56.211718188+00:00,234.15
2024-10-21 12:13:56.211731379+00:00,234.14
2024-10-21 12:14:01.070964390+00:00,234.17
2024-10-21 12:14:01.071015450+00:00,234.16
2024-10-21 12:14:01.088137086+00:00,233.76
2024-10-21 12:14:06.103454338+00:00,233.97
2024-10-21 12:14:07.746740079+00:00,233.76
2024-10-21 12:14:07.746754069+00:00,233.73
2024-10-21 12:14:10.801342166+00:00,233.8
2024-10-21 12:14:17.947438449+00:00,233.81
2024-10-21 12:14:17.957382887+00:00,233.81
2024-10-21 12:14:17.957395933+00:00,233.74
2024-10-21 12:14:17.957453277+00:00,234.14
2024-10-21 12:14:17.957465815+00:00,234.15
2024-10-21 12:14:18.056884935+00:00,233.75
2024-10-21 12:14:21.022254267+00:00,233.77
2024-10-21 12:14:21.336689135+00:00,234.15
2024-10-21 12:14:21.336700928+00:00,234.17
2024-10-21 12:14:21.392627701+00:00,233.78
2024-10-21 12:14:21.426981432+00:00,234.16
2024-10-21 12:14:21.740586460+00:00,233.76
2024-10-21 12:14:21.740617322+00:00,234.18
2024-10-21 12:14:28.747219089+00:00,233.79
2024-10-21 12:14:37.348164372+00:00,233.79
2024-10-21 12:14:37.348177626+00:00,233.77
2024-10-21 12:14:37.485431160+00:00,233.78
2024-10-21 12:14:41.549166803+00:00,233.76
2024-10-21 12:14:41.549212050+00:00,233.81
2024-10-21 12:14:41.599590898+00:00,233.87
2024-10-21 12:14:43.205958056+00:00,234.16
2024-10-21 12:14:49.824694031+00:00,234.16
2024-10-21 12:14:52.413893215+00:00,233.87
2024-10-21 12:14:52.413904869+00:00,233.85
2024-10-21 12:14:52.473339217+00:00,234.16
2024-10-21 12:14:52.473352225+00:00,234.15
2024-10-21 12:14:52.474399706+00:00,234.18
2024-10-21 12:14:52.474453011+00:00,234.17
2024-10-21 12:14:53.024665699+00:00,234.15
2024-10-21 12:14:59.069065580+00:00,233.86
2024-10-21 12:15:05.174000161+00:00,234.15
2024-10-21 12:15:05.174010189+00:00,234.15
2024-10-21 12:15:05.174024191+00:00,234.16
2024-10-21 12:15:08.174665588+00:00,234.16
2024-10-21 12:15:12.192615974+00:00,234.07
2024-10-21 12:15:12.193015032+00:00,234.07
2024-10-21 12:15:12.197769369+00:00,234.07
2024-10-21 12:15:12.197802997+00:00,233.86
2024-10-21 12:15:12.201874823+00:00,234.07
2024-10-21 12:15:12.264450843+00:00,233.75
2024-10-21 12:15:12.264477828+00:00,233.81
2024-10-21 12:15:12.268335051+00:00,233.63
2024-10-21 12:15:12.268635983+00:00,233.75
2024-10-21 12:15:12.270227323+00:00,234.17
2024-10-21 12:15:12.270326143+00:00,234.12
2024-10-21 12:15:12.270365637+00:00,234.15
2024-10-21 12:15:12.318866641+00:00,233.64
2024-10-21 12:15:12.318878820+00:00,234.16
2024-10-21 12:15:12.318890689+00:00,234.15
2024-10-21 12:15:12.327814809+00:00,234.05
2024-10-21 12:15:12.391011950+00:00,234.12
2024-10-21 12:15:12.404688523+00:00,233.65
2024-10-21 12:15:12.446815675+00:00,233.69
2024-10-21 12:15:12.518757844+00:00,233.69
2024-10-21 12:15:12.518889885+00:00,234.05
2024-10-21 12:15:12.518901713+00:00,234.1
2024-10-21 12:15:12.521642022+00:00,234.1
2024-10-21 12:15:12.529592990+00:00,233.69
2024-10-21 12:15:12.529605412+00:00,233.7
2024-10-21 12:15:12.575103526+00:00,233.87
2024-10-21 12:15:12.619373396+00:00,234.1
2024-10-21 12:15:12.619385902+00:00,234.15
2024-10-21 12:15:12.655937741+00:00,234.15
2024-10-21 12:15:12.669684284+00:00,233.9
2024-10-21 12:15:13.051576352+00:00,234.22
2024-10-21 12:15:13.051605161+00:00,233.85
2024-10-21 12:15:13.945967888+00:00,234.15
2024-10-21 12:15:13.946489728+00:00,234.22
2024-10-21 12:15:13.946532120+00:00,234.17
2024-10-21 12:15:14.001009338+00:00,234.15
2024-10-21 12:15:14.001022189+00:00,234.1
2024-10-21 12:15:14.207183672+00:00,233.9
2024-10-21 12:15:14.207479344+00:00,233.9
2024-10-21 12:15:14.278377067+00:00,234.1
2024-10-21 12:15:14.278559734+00:00,234.1
2024-10-21 12:15:14.278572418+00:00,234.16
2024-10-21 12:15:14.278970387+00:00,234.17
2024-10-21 12:15:14.280591359+00:00,234.16
2024-10-21 12:15:15.248901194+00:00,234.16
2024-10-21 12:15:15.248912868+00:00,234.15
2024-10-21 12:15:17.923034484+00:00,234.22
2024-10-21 12:15:24.014190176+00:00,233.9
2024-10-21 12:15:24.014202142+00:00,233.87
2024-10-21 12:15:24.014850794+00:00,233.85
2024-10-21 12:15:24.014897264+00:00,233.79
2024-10-21 12:15:24.015005588+00:00,234.22
2024-10-21 12:15:24.015059897+00:00,234.17
2024-10-21 12:15:24.066509814+00:00,234.1
2024-10-21 12:15:27.519238798+00:00,233.87
2024-10-21 12:15:27.519251700+00:00,233.84
2024-10-21 12:15:29.175215826+00:00,233.97
2024-10-21 12:15:29.175215826+00:00,233.95
2024-10-21 12:15:29.175239385+00:00,234.07
2024-10-21 12:15:29.175244705+00:00,234.04
2024-10-21 12:15:29.175252395+00:00,234.07
2024-10-21 12:15:29.175261243+00:00,233.95
2024-10-21 12:15:29.175261243+00:00,233.95
2024-10-21 12:15:29.175265540+00:00,234.04
2024-10-21 12:15:29.175269965+00:00,233.95
2024-10-21 12:15:29.175269965+00:00,233.95
2024-10-21 12:15:29.175287761+00:00,234.07
2024-10-21 12:15:29.175293157+00:00,234.04
2024-10-21 12:15:29.175298862+00:00,234.07
2024-10-21 12:15:29.175307953+00:00,234.08
2024-10-21 12:15:29.175318339+00:00,234.1
2024-10-21 12:15:29.175376083+00:00,233.89
2024-10-21 12:15:29.175388906+00:00,233.86
2024-10-21 12:15:29.246390784+00:00,233.84
2024-10-21 12:15:29.246423576+00:00,233.76
2024-10-21 12:15:29.246816914+00:00,233.79
2024-10-21 12:15:29.246910849+00:00,233.74
2024-10-21 12:15:29.283764753+00:00,234.08
2024-10-21 12:15:29.283775550+00:00,233.86
2024-10-21 12:15:29.283823523+00:00,234.1
2024-10-21 12:15:29.425332139+00:00,234.04
2024-10-21 12:15:29.425342648+00:00,233.89
2024-10-21 12:15:29.496494580+00:00,233.76
2024-10-21 12:15:38.712816410+00:00,234.1
2024-10-21 12:15:38.816614723+00:00,234.1
2024-10-21 12:15:39.207080252+00:00,234.0
2024-10-21 12:15:39.207103673+00:00,233.76
2024-10-21 12:15:39.207167970+00:00,234.1
2024-10-21 12:15:39.207241805+00:00,234.1
2024-10-21 12:15:39.207535631+00:00,234.0
2024-10-21 12:15:39.274707573+00:00,233.74
2024-10-21 12:15:39.274794258+00:00,233.69
2024-10-21 12:15:39.314122970+00:00,233.76
2024-10-21 12:15:39.314137186+00:00,234.1
2024-10-21 12:15:40.360537773+00:00,234.1
2024-10-21 12:15:40.360548894+00:00,234.15
2024-10-21 12:15:40.361097351+00:00,234.17
2024-10-21 12:15:40.361146693+00:00,234.22
2024-10-21 12:15:43.400846263+00:00,233.76
2024-10-21 12:15:43.400859035+00:00,233.74
2024-10-21 12:15:43.425405296+00:00,234.22
2024-10-21 12:15:43.425456541+00:00,234.21
2024-10-21 12:15:43.454335483+00:00,234.14
2024-10-21 12:15:43.462325554+00:00,234.13
2024-10-21 12:15:43.490467184+00:00,233.66
2024-10-21 12:15:43.546099003+00:00,233.69
2024-10-21 12:15:43.594813115+00:00,234.12
2024-10-21 12:15:43.981284269+00:00,234.19
2024-10-21 12:15:43.981579878+00:00,234.21
2024-10-21 12:15:46.504444030+00:00,233.74
2024-10-21 12:15:46.504456348+00:00,233.73
2024-10-21 12:15:46.504469490+00:00,234.12
2024-10-21 12:15:46.593690522+00:00,234.18
2024-10-21 12:15:46.594059334+00:00,234.19
2024-10-21 12:15:50.469736889+00:00,234.12
2024-10-21 12:15:55.593458354+00:00,233.66
2024-10-21 12:15:55.593967834+00:00,233.71
2024-10-21 12:15:55.643523614+00:00,233.77
2024-10-21 12:16:00.253343668+00:00,234.11
2024-10-21 12:16:02.523121028+00:00,233.77
2024-10-21 12:16:02.523132984+00:00,233.76
2024-10-21 12:16:02.592915859+00:00,234.17
2024-10-21 12:16:02.697358278+00:00,234.18
2024-10-21 12:16:04.305690771+00:00,233.77
2024-10-21 12:16:08.452195034+00:00,233.77
2024-10-21 12:16:08.452206841+00:00,233.76
2024-10-21 12:16:09.449805017+00:00,233.71
2024-10-21 12:16:09.449860480+00:00,233.69
2024-10-21 12:16:09.753811454+00:00,233.76
2024-10-21 12:16:09.753823460+00:00,233.74
2024-10-21 12:16:09.794081348+00:00,234.1
2024-10-21 12:16:09.813020869+00:00,233.75
2024-10-21 12:16:10.366504475+00:00,234.09
2024-10-21 12:16:10.387079865+00:00,234.17
2024-10-21 12:16:10.387136109+00:00,234.16
2024-10-21 12:16:12.011021598+00:00,234.09
2024-10-21 12:16:12.011034600+00:00,234.11
2024-10-21 12:16:12.100581387+00:00,234.1
2024-10-21 12:16:13.573710917+00:00,234.09
2024-10-21 12:16:14.439151195+00:00,234.09
2024-10-21 12:16:14.439163159+00:00,234.1
2024-10-21 12:16:14.647213365+00:00,234.09
2024-10-21 12:16:20.281774908+00:00,233.75
2024-10-21 12:16:20.281786576+00:00,233.73
2024-10-21 12:16:20.339168043+00:00,233.74
2024-10-21 12:16:20.352089791+00:00,233.74
2024-10-21 12:16:20.353055730+00:00,233.74
2024-10-21 12:16:20.448469192+00:00,234.08
2024-10-21 12:16:34.456311187+00:00,234.16
2024-10-21 12:16:34.456367935+00:00,234.15
2024-10-21 12:16:35.928124957+00:00,233.69
2024-10-21 12:16:35.928176126+00:00,233.67
2024-10-21 12:16:36.290091431+00:00,234.1
2024-10-21 12:16:37.672726079+00:00,233.67
2024-10-21 12:16:37.672903531+00:00,233.68
2024-10-21 12:16:41.310907658+00:00,233.74
2024-10-21 12:16:41.310921026+00:00,233.69
2024-10-21 12:16:42.498007357+00:00,234.25
2024-10-21 12:16:44.366509790+00:00,233.74
2024-10-21 12:16:44.533794596+00:00,233.9
2024-10-21 12:16:44.802532155+00:00,234.15
2024-10-21 12:16:44.802578420+00:00,234.11
2024-10-21 12:16:47.612239006+00:00,234.08
2024-10-21 12:16:47.666876898+00:00,234.08
2024-10-21 12:16:47.666890051+00:00,234.04
2024-10-21 12:16:47.926797838+00:00,233.74
2024-10-21 12:16:47.926810269+00:00,233.68
2024-10-21 12:16:48.065603630+00:00,234.11
2024-10-21 12:16:48.065661214+00:00,234.06
2024-10-21 12:16:48.122967378+00:00,234.01
2024-10-21 12:16:48.228366485+00:00,234.01
2024-10-21 12:16:48.283159712+00:00,234.01
2024-10-21 12:16:48.283173265+00:00,233.98
2024-10-21 12:16:49.563776410+00:00,233.9
2024-10-21 12:16:49.564755651+00:00,233.68
2024-10-21 12:16:49.635124163+00:00,233.98
2024-10-21 12:16:49.635136826+00:00,234.04
2024-10-21 12:16:49.635541646+00:00,234.06
2024-10-21 12:16:49.635636984+00:00,234.11
2024-10-21 12:16:49.669495875+00:00,233.68
2024-10-21 12:16:49.706243840+00:00,234.04
2024-10-21 12:16:49.706441749+00:00,234.04
2024-10-21 12:16:49.706453582+00:00,234.09
2024-10-21 12:16:49.707051448+00:00,234.11
2024-10-21 12:16:49.709446277+00:00,234.09
2024-10-21 12:16:50.277262708+00:00,233.68
2024-10-21 12:16:50.277350058+00:00,234.17
2024-10-21 12:16:50.277381197+00:00,233.69
2024-10-21 12:16:50.981459165+00:00,233.7
2024-10-21 12:16:51.768772781+00:00,233.85
2024-10-21 12:16:54.799759269+00:00,233.86
2024-10-21 12:16:54.862528040+00:00,234.17
2024-10-21 12:16:54.862652964+00:00,234.16
2024-10-21 12:17:02.456505763+00:00,234.09
2024-10-21 12:17:02.456518211+00:00,234.08
2024-10-21 12:17:02.692703742+00:00,233.7
2024-10-21 12:17:02.695735412+00:00,233.73
2024-10-21 12:17:02.695762734+00:00,233.69
2024-10-21 12:17:02.743941560+00:00,233.7
2024-10-21 12:17:02.743954174+00:00,233.77
2024-10-21 12:17:04.308725875+00:00,234.16
2024-10-21 12:17:04.308776780+00:00,234.15
2024-10-21 12:17:06.048294911+00:00,233.77
2024-10-21 12:17:06.048308319+00:00,233.74
2024-10-21 12:17:07.403868087+00:00,233.74
2024-10-21 12:17:07.458672320+00:00,233.74
2024-10-21 12:17:07.458684918+00:00,233.77
2024-10-21 12:17:10.980069944+00:00,233.77
2024-10-21 12:17:10.980083268+00:00,233.74
2024-10-21 12:17:16.046891679+00:00,233.74
2024-10-21 12:17:16.101320234+00:00,233.74
2024-10-21 12:17:16.101332500+00:00,233.77
2024-10-21 12:17:18.814227520+00:00,233.9
2024-10-21 12:17:20.656823195+00:00,233.77
2024-10-21 12:17:20.662283454+00:00,234.05
2024-10-21 12:17:20.662744252+00:00,234.05
2024-10-21 12:17:20.719761250+00:00,234.08
2024-10-21 12:17:20.762539880+00:00,233.77
2024-10-21 12:17:21.078904005+00:00,233.77
2024-10-21 12:17:21.133609901+00:00,233.77
2024-10-21 12:17:21.133623109+00:00,233.8
2024-10-21 12:17:21.840211165+00:00,234.08
2024-10-21 12:17:21.840224418+00:00,234.14
2024-10-21 12:17:22.072304747+00:00,234.13
2024-10-21 12:17:22.085707892+00:00,234.0
2024-10-21 12:17:24.840366131+00:00,234.13
2024-10-21 12:17:24.840795392+00:00,234.1
2024-10-21 12:17:24.840821231+00:00,234.15
2024-10-21 12:17:24.896015668+00:00,234.13
2024-10-21 12:17:24.896030774+00:00,234.04
2024-10-21 12:17:26.219727754+00:00,234.1
2024-10-21 12:17:26.219824269+00:00,234.09
2024-10-21 12:17:26.286945437+00:00,234.03
2024-10-21 12:17:30.761645371+00:00,234.03
2024-10-21 12:17:30.761657680+00:00,234.08
2024-10-21 12:17:30.762940179+00:00,234.08
2024-10-21 12:17:30.764592400+00:00,234.09
2024-10-21 12:17:30.764692359+00:00,234.15
2024-10-21 12:17:33.378283593+00:00,233.8
2024-10-21 12:17:33.378297030+00:00,233.77
2024-10-21 12:17:33.764809990+00:00,234.09
2024-10-21 12:17:33.764834502+00:00,234.15
2024-10-21 12:17:33.822822391+00:00,234.08
2024-10-21 12:17:33.822835795+00:00,234.03
2024-10-21 12:17:35.461400679+00:00,234.03
2024-10-21 12:17:35.461412055+00:00,234.08
2024-10-21 12:17:35.469991264+00:00,234.09
2024-10-21 12:17:35.470045707+00:00,234.15
2024-10-21 12:17:37.663629357+00:00,233.77
2024-10-21 12:17:37.718594298+00:00,233.77
2024-10-21 12:17:37.718605853+00:00,233.8
2024-10-21 12:17:38.521127910+00:00,234.04
2024-10-21 12:17:39.973547435+00:00,234.15
2024-10-21 12:17:39.973585910+00:00,234.1
2024-10-21 12:17:47.135873221+00:00,233.9
2024-10-21 12:17:47.135873221+00:00,233.85
2024-10-21 12:17:47.135873221+00:00,233.85
2024-10-21 12:17:47.135900626+00:00,233.98
2024-10-21 12:17:47.135905168+00:00,233.97
2024-10-21 12:17:47.135906292+00:00,233.95
2024-10-21 12:17:47.135913885+00:00,233.92
2024-10-21 12:17:47.135916592+00:00,233.98
2024-10-21 12:17:47.135925594+00:00,233.97
2024-10-21 12:17:47.135933669+00:00,233.93
2024-10-21 12:17:47.135937314+00:00,233.98
2024-10-21 12:17:47.135940686+00:00,233.97
2024-10-21 12:17:47.135946914+00:00,233.97
2024-10-21 12:17:47.135952535+00:00,233.98
2024-10-21 12:17:47.135958456+00:00,233.8
2024-10-21 12:17:47.135968023+00:00,233.95
2024-10-21 12:17:47.136008874+00:00,233.97
2024-10-21 12:17:47.136054541+00:00,233.97
2024-10-21 12:17:47.136218636+00:00,233.97
2024-10-21 12:17:47.136225295+00:00,233.97
2024-10-21 12:17:47.136565013+00:00,233.92
2024-10-21 12:17:47.137037920+00:00,233.92
2024-10-21 12:17:47.156890091+00:00,233.8
2024-10-21 12:17:47.189701537+00:00,233.8
2024-10-21 12:17:47.200038724+00:00,233.8
2024-10-21 12:17:47.200048226+00:00,233.8
2024-10-21 12:17:47.200058794+00:00,233.69
2024-10-21 12:17:47.203657195+00:00,233.73
2024-10-21 12:17:47.203729908+00:00,233.67
2024-10-21 12:17:47.207076580+00:00,233.69
2024-10-21 12:17:47.240037346+00:00,233.68
2024-10-21 12:17:47.240066169+00:00,233.97
2024-10-21 12:17:47.260085243+00:00,234.03
2024-10-21 12:17:47.386463721+00:00,233.93
2024-10-21 12:17:57.663911195+00:00,234.1
2024-10-21 12:17:57.664016909+00:00,234.09
2024-10-21 12:17:57.861764830+00:00,234.03
2024-10-21 12:17:57.861778012+00:00,234.05
2024-10-21 12:17:57.861832789+00:00,234.05
2024-10-21 12:17:57.861881332+00:00,234.08
2024-10-21 12:17:57.862245512+00:00,234.09
2024-10-21 12:17:57.917042270+00:00,234.06
2024-10-21 12:17:58.077227750+00:00,234.03
2024-10-21 12:18:00.232353557+00:00,234.1
2024-10-21 12:18:00.862130755+00:00,234.03
2024-10-21 12:18:01.682081842+00:00,234.03
2024-10-21 12:18:01.684033789+00:00,234.03
2024-10-21 12:18:01.684046790+00:00,234.06
2024-10-21 12:18:02.545068859+00:00,234.05
2024-10-21 12:18:03.624100762+00:00,234.05
2024-10-21 12:18:03.624112266+00:00,234.07
2024-10-21 12:18:03.629412395+00:00,233.67
2024-10-21 12:18:03.629498033+00:00,233.68
2024-10-21 12:18:03.696618449+00:00,233.69
2024-10-21 12:18:04.737516809+00:00,234.04
2024-10-21 12:18:05.203361341+00:00,234.04
2024-10-21 12:18:05.203373864+00:00,234.07
2024-10-21 12:18:08.259009052+00:00,234.04
2024-10-21 12:18:08.926535769+00:00,234.04
2024-10-21 12:18:08.926548505+00:00,234.07
2024-10-21 12:18:10.662438649+00:00,234.04
2024-10-21 12:18:11.927260518+00:00,234.04
2024-10-21 12:18:20.285727761+00:00,234.1
2024-10-21 12:18:20.285772241+00:00,234.05
2024-10-21 12:18:20.342095696+00:00,234.04
2024-10-21 12:18:20.342109232+00:00,233.99
2024-10-21 12:18:30.059494751+00:00,233.98
2024-10-21 12:18:30.076519305+00:00,233.97
2024-10-21 12:18:38.165859345+00:00,233.97
2024-10-21 12:18:38.165871291+00:00,233.99
2024-10-21 12:18:38.170782768+00:00,233.69
2024-10-21 12:18:38.170792741+00:00,233.66
2024-10-21 12:18:38.189694615+00:00,233.68
2024-10-21 12:18:38.189791855+00:00,233.62
2024-10-21 12:18:40.408086849+00:00,233.62
2024-10-21 12:18:40.408137058+00:00,233.63
2024-10-21 12:18:41.179991523+00:00,233.63
2024-10-21 12:18:41.180118662+00:00,233.68
2024-10-21 12:18:41.233925482+00:00,233.74
2024-10-21 12:18:44.453502831+00:00,233.98
2024-10-21 12:18:44.458571638+00:00,233.74
2024-10-21 12:18:44.458583443+00:00,233.66
2024-10-21 12:18:44.477818456+00:00,233.68
2024-10-21 12:18:44.477924999+00:00,233.62
2024-10-21 12:18:47.144489374+00:00,233.97
2024-10-21 12:18:47.206323404+00:00,233.66
2024-10-21 12:18:47.260861161+00:00,233.66
2024-10-21 12:18:47.260873969+00:00,233.7
2024-10-21 12:18:47.459461214+00:00,233.7
2024-10-21 12:18:47.513983492+00:00,233.7
2024-10-21 12:18:47.513995474+00:00,233.74
2024-10-21 12:18:48.012656935+00:00,233.97
2024-10-21 12:18:48.012670562+00:00,234.03
2024-10-21 12:18:48.012835297+00:00,234.03
2024-10-21 12:18:48.013209412+00:00,234.05
2024-10-21 12:18:48.013312876+00:00,234.1
2024-10-21 12:18:48.070285169+00:00,234.03
2024-10-21 12:18:48.070297042+00:00,233.97
2024-10-21 12:18:48.199908254+00:00,233.74
2024-10-21 12:18:48.199920865+00:00,233.68
2024-10-21 12:18:48.199942139+00:00,233.68
2024-10-21 12:18:48.200029266+00:00,233.65
2024-10-21 12:18:48.200502296+00:00,233.62
2024-10-21 12:18:48.200553666+00:00,233.67
2024-10-21 12:18:48.213222660+00:00,233.67
2024-10-21 12:18:49.922943623+00:00,234.1
2024-10-21 12:18:49.923091366+00:00,234.05
2024-10-21 12:18:51.254925630+00:00,233.69
2024-10-21 12:18:51.423329256+00:00,234.05
2024-10-21 12:18:51.423381788+00:00,234.04
2024-10-21 12:18:51.430250460+00:00,233.69
2024-10-21 12:18:53.922913086+00:00,233.62
2024-10-21 12:19:00.083834280+00:00,233.69
2024-10-21 12:19:00.083843895+00:00,233.69
2024-10-21 12:19:00.083854884+00:00,233.68
2024-10-21 12:19:00.143474250+00:00,233.69
2024-10-21 12:19:00.197516009+00:00,233.69
2024-10-21 12:19:00.198016624+00:00,233.62
2024-10-21 12:19:00.198056773+00:00,233.66
2024-10-21 12:19:00.251362837+00:00,233.69
2024-10-21 12:19:00.251375630+00:00,233.73
2024-10-21 12:19:02.578739513+00:00,233.73
2024-10-21 12:19:02.578752989+00:00,233.68
2024-10-21 12:19:02.578784855+00:00,233.68
2024-10-21 12:19:02.583722081+00:00,233.65
2024-10-21 12:19:05.633956677+00:00,233.73
2024-10-21 12:19:06.744561325+00:00,233.96
2024-10-21 12:19:07.485167707+00:00,233.73
2024-10-21 12:19:07.485180575+00:00,233.66
2024-10-21 12:19:07.567472916+00:00,234.03
2024-10-21 12:19:07.624621845+00:00,234.04
2024-10-21 12:19:08.123983275+00:00,233.96
2024-10-21 12:19:08.201710146+00:00,233.96
2024-10-21 12:19:10.540372657+00:00,233.68
2024-10-21 12:19:10.824415398+00:00,234.41
2024-10-21 12:19:10.828162441+00:00,234.41
2024-10-21 12:19:14.207440891+00:00,233.68
2024-10-21 12:19:21.463656720+00:00,234.41
2024-10-21 12:19:21.463763491+00:00,234.41
2024-10-21 12:19:31.377322230+00:00,233.96
2024-10-21 12:19:31.377334380+00:00,233.98
2024-10-21 12:19:31.410847128+00:00,233.98
2024-10-21 12:19:31.410860369+00:00,234.03
2024-10-21 12:19:31.424732441+00:00,233.66
2024-10-21 12:19:31.424790390+00:00,233.67
2024-10-21 12:19:31.428123190+00:00,234.03
2024-10-21 12:19:31.428166239+00:00,234.09
2024-10-21 12:19:31.428177171+00:00,233.68
2024-10-21 12:19:31.428190903+00:00,233.69
2024-10-21 12:19:35.701549120+00:00,233.69
2024-10-21 12:19:38.701678685+00:00,233.69
2024-10-21 12:19:38.756179281+00:00,233.69
2024-10-21 12:19:38.756191248+00:00,233.73
2024-10-21 12:19:40.083326842+00:00,234.03
2024-10-21 12:19:40.137972145+00:00,234.03
2024-10-21 12:19:40.137983855+00:00,234.02
2024-10-21 12:19:42.737152214+00:00,233.73
2024-10-21 12:19:42.737165303+00:00,233.68
2024-10-21 12:19:45.745918365+00:00,233.68
2024-10-21 12:19:45.800477942+00:00,233.68
2024-10-21 12:19:45.800491117+00:00,233.72
2024-10-21 12:19:57.871002706+00:00,233.73
2024-10-21 12:20:02.012790106+00:00,233.73
2024-10-21 12:20:02.012801350+00:00,233.71
2024-10-21 12:20:02.012823085+00:00,234.02
2024-10-21 12:20:02.068202840+00:00,233.72
2024-10-21 12:20:02.174072577+00:00,234.02
2024-10-21 12:20:02.174084216+00:00,234.01
2024-10-21 12:20:02.195761354+00:00,234.08
2024-10-21 12:20:02.197099790+00:00,234.09
2024-10-21 12:20:17.529659579+00:00,234.01
2024-10-21 12:20:17.529671598+00:00,234.02
2024-10-21 12:20:18.175151492+00:00,233.73
2024-10-21 12:20:26.003671349+00:00,233.73
2024-10-21 12:20:26.003684074+00:00,233.69
2024-10-21 12:20:29.005849003+00:00,233.69
2024-10-21 12:20:29.035461864+00:00,233.8
2024-10-21 12:20:32.533970326+00:00,234.08
2024-10-21 12:20:32.534015766+00:00,234.04
2024-10-21 12:20:32.588585911+00:00,233.99
2024-10-21 12:20:32.846313500+00:00,233.99
2024-10-21 12:20:32.846324686+00:00,234.03
2024-10-21 12:20:32.900943370+00:00,233.98
2024-10-21 12:20:33.387796787+00:00,233.97
2024-10-21 12:20:34.158518772+00:00,233.97
2024-10-21 12:20:53.732903004+00:00,233.86
2024-10-21 12:20:54.066325257+00:00,233.97
2024-10-21 12:20:54.066539893+00:00,233.97
2024-10-21 12:20:54.087884313+00:00,233.97
2024-10-21 12:20:54.138010479+00:00,233.97
2024-10-21 12:20:54.138024196+00:00,234.03
2024-10-21 12:20:54.138635039+00:00,234.04
2024-10-21 12:20:54.138679423+00:00,234.1
2024-10-21 12:20:54.140701289+00:00,234.03
2024-10-21 12:20:54.259923109+00:00,234.03
2024-10-21 12:20:54.259936081+00:00,233.97
2024-10-21 12:20:54.367974373+00:00,233.69
2024-10-21 12:20:54.367988079+00:00,233.71
2024-10-21 12:20:54.646524020+00:00,233.71
2024-10-21 12:20:54.647311583+00:00,233.67
2024-10-21 12:20:54.647352236+00:00,233.73
2024-10-21 12:20:54.647382777+00:00,234.1
2024-10-21 12:20:54.647423336+00:00,234.04
2024-10-21 12:20:54.647922749+00:00,233.97
2024-10-21 12:20:54.648117162+00:00,233.97
2024-10-21 12:20:54.648128723+00:00,234.03
2024-10-21 12:20:54.648446832+00:00,234.04
2024-10-21 12:20:54.697200659+00:00,233.71
2024-10-21 12:20:54.697212843+00:00,233.77
2024-10-21 12:20:54.708231641+00:00,233.99
2024-10-21 12:20:56.393593183+00:00,234.05
2024-10-21 12:20:56.654348888+00:00,233.99
2024-10-21 12:20:56.654361253+00:00,234.03
2024-10-21 12:20:56.655676466+00:00,234.05
2024-10-21 12:21:00.388313049+00:00,234.1
2024-10-21 12:21:01.707857424+00:00,234.0
2024-10-21 12:21:01.856825426+00:00,234.0
2024-10-21 12:21:01.856837629+00:00,234.03
2024-10-21 12:21:06.853945458+00:00,233.77
2024-10-21 12:21:06.917506080+00:00,234.1
2024-10-21 12:21:06.917557816+00:00,234.04
2024-10-21 12:21:06.921270364+00:00,234.04
2024-10-21 12:21:06.921738635+00:00,233.67
2024-10-21 12:21:06.921761416+00:00,233.73
2024-10-21 12:21:06.954173708+00:00,233.72
2024-10-21 12:21:07.982705400+00:00,233.68
2024-10-21 12:21:07.982732401+00:00,233.67
2024-10-21 12:21:08.049468728+00:00,233.73
2024-10-21 12:21:08.155736487+00:00,233.73
2024-10-21 12:21:08.156275244+00:00,233.86
2024-10-21 12:21:08.214593412+00:00,233.73
2024-10-21 12:21:08.214604801+00:00,233.76
2024-10-21 12:21:09.374232780+00:00,234.06
2024-10-21 12:21:13.168540873+00:00,233.86
2024-10-21 12:21:16.960024614+00:00,233.76
2024-10-21 12:21:16.960037598+00:00,233.73
2024-10-21 12:21:17.837910042+00:00,234.03
2024-10-21 12:21:17.837922361+00:00,234.05
2024-10-21 12:21:17.892771425+00:00,233.74
2024-10-21 12:21:18.021293469+00:00,233.68
2024-10-21 12:21:18.047828600+00:00,233.74
2024-10-21 12:21:18.102401275+00:00,233.74
2024-10-21 12:21:18.102413183+00:00,233.77
2024-10-21 12:21:18.739881846+00:00,234.05
2024-10-21 12:21:21.742772097+00:00,234.05
2024-10-21 12:21:26.102195386+00:00,233.78
2024-10-21 12:21:26.482363138+00:00,233.78
2024-10-21 12:21:26.509547941+00:00,233.78
2024-10-21 12:21:26.750764565+00:00,233.78
2024-10-21 12:21:26.750773173+00:00,233.78
2024-10-21 12:21:26.750785721+00:00,233.75
2024-10-21 12:21:26.804818995+00:00,234.05
2024-10-21 12:21:26.804831024+00:00,234.04
2024-10-21 12:21:26.876199312+00:00,233.76
2024-10-21 12:21:28.271344736+00:00,233.77
2024-10-21 12:21:29.830172186+00:00,233.69
2024-10-21 12:21:43.255561253+00:00,234.04
2024-10-21 12:21:43.255575289+00:00,234.06
2024-10-21 12:21:43.310928524+00:00,234.05
2024-10-21 12:21:45.092124924+00:00,233.78
2024-10-21 12:21:45.108232814+00:00,233.69
2024-10-21 12:21:45.108296167+00:00,233.7
2024-10-21 12:21:48.360630060+00:00,234.05
2024-10-21 12:21:48.360641832+00:00,234.07
2024-10-21 12:21:48.415524174+00:00,233.79
2024-10-21 12:21:48.426249325+00:00,233.7
2024-10-21 12:21:48.426358775+00:00,233.71
2024-10-21 12:21:48.440341021+00:00,234.06
2024-10-21 12:21:48.582445356+00:00,233.79
2024-10-21 12:21:48.582457462+00:00,233.76
2024-10-21 12:21:48.968862759+00:00,234.07
2024-10-21 12:21:49.023156980+00:00,234.07
2024-10-21 12:21:49.023170310+00:00,234.03
2024-10-21 12:21:53.593348279+00:00,233.76
2024-10-21 12:21:53.647894830+00:00,233.76
2024-10-21 12:21:53.647907823+00:00,233.79
2024-10-21 12:21:55.660629861+00:00,233.92
2024-10-21 12:22:01.337904135+00:00,234.02
2024-10-21 12:22:03.706361217+00:00,233.86
2024-10-21 12:22:03.777516702+00:00,233.79
2024-10-21 12:22:03.777529729+00:00,233.72
2024-10-21 12:22:03.781981187+00:00,234.02
2024-10-21 12:22:09.127308929+00:00,234.08
2024-10-21 12:22:16.157355560+00:00,233.71
2024-10-21 12:22:16.158383793+00:00,233.72
2024-10-21 12:22:20.068422134+00:00,233.73
2024-10-21 12:22:20.078770275+00:00,233.73
2024-10-21 12:22:20.078850920+00:00,233.72
2024-10-21 12:22:20.140239259+00:00,234.08
2024-10-21 12:22:20.140291372+00:00,234.04
2024-10-21 12:22:20.142525001+00:00,234.02
2024-10-21 12:22:20.142535602+00:00,234.02
2024-10-21 12:22:20.142546696+00:00,234.03
2024-10-21 12:22:20.146234448+00:00,234.04
2024-10-21 12:22:20.260745295+00:00,234.02
2024-10-21 12:22:20.322223273+00:00,234.02
2024-10-21 12:22:21.536007375+00:00,234.04
2024-10-21 12:22:21.539297131+00:00,234.04
2024-10-21 12:22:21.583281944+00:00,233.74
2024-10-21 12:22:22.095263170+00:00,234.09
2024-10-21 12:22:22.945397458+00:00,234.02
2024-10-21 12:22:22.945406901+00:00,234.02
2024-10-21 12:22:22.945697032+00:00,234.03
2024-10-21 12:22:22.986296201+00:00,234.03
2024-10-21 12:22:23.024563308+00:00,234.03
2024-10-21 12:22:23.028903196+00:00,234.03
2024-10-21 12:22:23.028915916+00:00,234.08
2024-10-21 12:22:23.079803882+00:00,233.88
2024-10-21 12:22:23.079851405+00:00,233.92
2024-10-21 12:22:23.079869699+00:00,233.98
2024-10-21 12:22:23.079869699+00:00,233.98
2024-10-21 12:22:23.079869699+00:00,233.98
2024-10-21 12:22:23.079869699+00:00,234.0
2024-10-21 12:22:23.079869699+00:00,234.0
2024-10-21 12:22:23.079955251+00:00,234.08
2024-10-21 12:22:23.083910618+00:00,233.88
2024-10-21 12:22:23.088151194+00:00,233.91
2024-10-21 12:22:23.116151189+00:00,234.08
2024-10-21 12:22:23.241854315+00:00,234.07
2024-10-21 12:22:26.043027067+00:00,234.07
2024-10-21 12:22:26.221438925+00:00,233.78
2024-10-21 12:22:29.394160247+00:00,233.79
2024-10-21 12:22:36.707463498+00:00,234.09
2024-10-21 12:22:36.707506060+00:00,234.08
2024-10-21 12:22:40.428425309+00:00,233.92
2024-10-21 12:22:40.428425309+00:00,233.92
2024-10-21 12:23:09.008613373+00:00,233.93
2024-10-21 12:23:09.008621599+00:00,233.92
2024-10-21 12:23:09.008973422+00:00,233.92
2024-10-21 12:23:09.009065871+00:00,233.95
2024-10-21 12:23:09.047049975+00:00,233.93
2024-10-21 12:23:09.047528450+00:00,233.91
2024-10-21 12:23:09.079779485+00:00,234.07
2024-10-21 12:23:09.081699019+00:00,233.79
2024-10-21 12:23:09.087775155+00:00,233.79
2024-10-21 12:23:09.087785825+00:00,233.79
2024-10-21 12:23:09.087797026+00:00,233.78
2024-10-21 12:23:09.133329159+00:00,233.79
2024-10-21 12:23:09.155634175+00:00,233.73
2024-10-21 12:23:09.155732424+00:00,233.77
2024-10-21 12:23:09.242822823+00:00,234.08
2024-10-21 12:23:09.242876186+00:00,234.14
2024-10-21 12:23:09.312635376+00:00,233.81
2024-10-21 12:23:09.319468618+00:00,234.07
2024-10-21 12:23:09.729465211+00:00,234.07
2024-10-21 12:23:09.784075201+00:00,233.82
2024-10-21 12:23:11.099071185+00:00,233.95
2024-10-21 12:23:11.099071185+00:00,233.95
2024-10-21 12:23:11.099138993+00:00,233.82
2024-10-21 12:23:11.171874633+00:00,234.07
2024-10-21 12:23:11.208162821+00:00,233.82
2024-10-21 12:23:12.139603042+00:00,233.84
2024-10-21 12:23:12.190123660+00:00,234.14
2024-10-21 12:23:12.190244811+00:00,234.09
2024-10-21 12:23:12.195254017+00:00,234.09
2024-10-21 12:23:13.923503589+00:00,234.14
2024-10-21 12:23:14.014125157+00:00,233.84
2024-10-21 12:23:14.014138266+00:00,233.8
2024-10-21 12:23:24.180057341+00:00,233.84
2024-10-21 12:23:24.244388472+00:00,233.77
2024-10-21 12:23:24.244727755+00:00,233.78
2024-10-21 12:23:24.253824768+00:00,233.85
2024-10-21 12:23:24.273148439+00:00,234.14
2024-10-21 12:23:24.273199301+00:00,234.09
2024-10-21 12:23:24.281024032+00:00,234.09
2024-10-21 12:23:25.922987113+00:00,234.15
2024-10-21 12:23:26.667483730+00:00,234.15
2024-10-21 12:23:26.667566801+00:00,234.09
2024-10-21 12:23:26.671669972+00:00,234.09
2024-10-21 12:23:29.923042073+00:00,234.15
2024-10-21 12:23:31.049271170+00:00,233.85
2024-10-21 12:23:31.049283153+00:00,233.83
2024-10-21 12:23:31.105200821+00:00,233.84
2024-10-21 12:23:33.817825903+00:00,233.84
2024-10-21 12:23:33.817837243+00:00,233.8
2024-10-21 12:23:34.381673108+00:00,234.15
2024-10-21 12:23:34.381786514+00:00,234.14
2024-10-21 12:23:35.765078516+00:00,233.95
2024-10-21 12:23:35.765078516+00:00,233.95
2024-10-21 12:23:35.765293055+00:00,233.95
2024-10-21 12:23:35.765293055+00:00,233.95
2024-10-21 12:23:35.765317844+00:00,233.98
2024-10-21 12:23:35.765319866+00:00,233.99
2024-10-21 12:23:35.765327695+00:00,233.99
2024-10-21 12:23:35.765330068+00:00,233.99
2024-10-21 12:23:35.765336405+00:00,233.99
2024-10-21 12:23:35.765353728+00:00,233.99
2024-10-21 12:23:35.765358258+00:00,233.8
2024-10-21 12:23:35.765377342+00:00,233.99
2024-10-21 12:23:35.765712149+00:00,233.99
2024-10-21 12:23:35.833227941+00:00,233.78
2024-10-21 12:23:35.833269631+00:00,233.71
2024-10-21 12:23:35.833775320+00:00,233.91
2024-10-21 12:23:35.833795471+00:00,233.98
2024-10-21 12:23:35.836802755+00:00,233.71
2024-10-21 12:23:35.873762810+00:00,233.99
2024-10-21 12:23:35.901086187+00:00,233.68
2024-10-21 12:23:35.969121189+00:00,233.69
2024-10-21 12:23:36.000147454+00:00,233.73
2024-10-21 12:23:36.364328399+00:00,233.71
2024-10-21 12:23:36.417876919+00:00,233.79
2024-10-21 12:23:37.809399308+00:00,234.07
2024-10-21 12:23:37.809411756+00:00,234.02
2024-10-21 12:23:37.892403782+00:00,234.01
2024-10-21 12:23:39.411730598+00:00,234.14
2024-10-21 12:23:39.411789045+00:00,234.08
2024-10-21 12:23:40.838462060+00:00,233.71
2024-10-21 12:23:40.838495937+00:00,233.77
2024-10-21 12:23:40.883854903+00:00,233.82
2024-10-21 12:23:53.580500087+00:00,233.97
2024-10-21 12:23:53.580531557+00:00,233.82
2024-10-21 12:23:53.584590487+00:00,233.97
2024-10-21 12:23:53.687318686+00:00,233.82
2024-10-21 12:23:56.151717030+00:00,233.91
2024-10-21 12:23:56.151717030+00:00,233.91
2024-10-21 12:23:56.151739820+00:00,233.95
2024-10-21 12:23:56.151743006+00:00,233.98
2024-10-21 12:23:56.151744249+00:00,233.96
2024-10-21 12:23:56.151751835+00:00,233.98
2024-10-21 12:23:56.151753407+00:00,233.82
2024-10-21 12:23:56.151760470+00:00,233.96
2024-10-21 12:23:56.151774406+00:00,233.98
2024-10-21 12:23:56.151794726+00:00,233.95
2024-10-21 12:23:56.151815406+00:00,233.96
2024-10-21 12:23:56.151818053+00:00,233.98
2024-10-21 12:23:56.151908869+00:00,233.95
2024-10-21 12:23:56.152059304+00:00,233.98
2024-10-21 12:23:56.152100943+00:00,233.95
2024-10-21 12:23:56.152326897+00:00,233.95
2024-10-21 12:23:56.156195112+00:00,233.95
2024-10-21 12:23:56.222863616+00:00,233.73
2024-10-21 12:23:56.223377764+00:00,233.77
2024-10-21 12:23:56.223447893+00:00,233.71
2024-10-21 12:23:56.253764723+00:00,233.99
2024-10-21 12:23:56.403764720+00:00,233.96
2024-10-21 12:23:59.004911131+00:00,233.73
2024-10-21 12:23:59.004923443+00:00,233.68
2024-10-21 12:23:59.008280403+00:00,234.03
2024-10-21 12:23:59.008322912+00:00,234.08
2024-10-21 12:23:59.011947596+00:00,234.01
2024-10-21 12:23:59.011960403+00:00,234.04
2024-10-21 12:23:59.013517894+00:00,234.04
2024-10-21 12:23:59.013530559+00:00,234.07
2024-10-21 12:23:59.014238552+00:00,234.03
2024-10-21 12:23:59.017196811+00:00,233.71
2024-10-21 12:23:59.017282783+00:00,233.61
2024-10-21 12:23:59.074518650+00:00,234.02
2024-10-21 12:24:00.591545399+00:00,233.66
2024-10-21 12:24:00.591577923+00:00,233.61
2024-10-21 12:24:00.591620074+00:00,234.08
2024-10-21 12:24:00.639005885+00:00,233.72
2024-10-21 12:24:00.649056842+00:00,234.01
2024-10-21 12:24:02.009392935+00:00,234.01
2024-10-21 12:24:03.014231244+00:00,233.73
2024-10-21 12:24:12.705753370+00:00,234.08
2024-10-21 12:24:12.705792927+00:00,234.03
2024-10-21 12:24:12.758652350+00:00,234.01
2024-10-21 12:24:12.758665302+00:00,233.96
2024-10-21 12:24:12.829796906+00:00,233.73
2024-10-21 12:24:12.829810064+00:00,233.68
2024-10-21 12:24:12.887759925+00:00,233.71
2024-10-21 12:24:12.974071654+00:00,233.96
2024-10-21 12:24:12.981737142+00:00,233.94
2024-10-21 12:24:12.981783591+00:00,233.71
2024-10-21 12:24:12.985831565+00:00,233.94
2024-10-21 12:24:13.052603423+00:00,233.62
2024-10-21 12:24:13.053128647+00:00,233.55
2024-10-21 12:24:13.053154026+00:00,233.66
2024-10-21 12:24:13.184858615+00:00,233.63
2024-10-21 12:24:13.202985661+00:00,233.68
2024-10-21 12:24:13.538400660+00:00,233.68
2024-10-21 12:24:13.589170912+00:00,233.68
2024-10-21 12:24:13.589183060+00:00,233.71
2024-10-21 12:24:13.922992508+00:00,233.55
2024-10-21 12:24:13.923126726+00:00,233.66
2024-10-21 12:24:15.708838775+00:00,234.03
2024-10-21 12:24:15.708973640+00:00,233.98
2024-10-21 12:24:15.716580295+00:00,233.98
2024-10-21 12:24:17.551956961+00:00,234.03
2024-10-21 12:24:18.858127605+00:00,233.8
2024-10-21 12:24:25.049338154+00:00,234.03
2024-10-21 12:24:25.049382422+00:00,233.98
2024-10-21 12:24:25.060079940+00:00,233.98
2024-10-21 12:24:25.922924503+00:00,234.03
2024-10-21 12:24:33.385173258+00:00,234.03
2024-10-21 12:24:33.385196713+00:00,233.98
2024-10-21 12:24:33.391191505+00:00,233.98
2024-10-21 12:24:33.923102791+00:00,234.03
2024-10-21 12:24:37.922944460+00:00,234.03
2024-10-21 12:24:37.923028006+00:00,233.98
2024-10-21 12:24:40.307674730+00:00,233.84
2024-10-21 12:24:40.307995193+00:00,233.8
2024-10-21 12:24:40.307996031+00:00,233.79
2024-10-21 12:24:40.308007727+00:00,233.8
2024-10-21 12:24:40.308025276+00:00,233.96
2024-10-21 12:24:40.308036005+00:00,233.96
2024-10-21 12:24:40.308405475+00:00,233.79
2024-10-21 12:24:40.309748359+00:00,233.79
2024-10-21 12:24:40.310193512+00:00,233.79
2024-10-21 12:24:40.353810051+00:00,233.96
2024-10-21 12:24:40.377247665+00:00,233.96
2024-10-21 12:24:40.379809120+00:00,233.98
2024-10-21 12:24:40.415871461+00:00,234.02
2024-10-21 12:24:40.464828695+00:00,234.02
2024-10-21 12:24:40.656837789+00:00,233.71
2024-10-21 12:24:40.763590881+00:00,233.71
2024-10-21 12:24:43.066357159+00:00,233.88
2024-10-21 12:24:43.129440388+00:00,234.09
2024-10-21 12:24:55.149943017+00:00,233.88
2024-10-21 12:24:55.149943017+00:00,233.88
2024-10-21 12:24:55.149972348+00:00,233.94
2024-10-21 12:24:55.149990092+00:00,233.94
2024-10-21 12:24:55.150004189+00:00,233.98
2024-10-21 12:24:55.250051974+00:00,233.94
2024-10-21 12:24:55.250079517+00:00,233.98
2024-10-21 12:24:55.403764807+00:00,233.94
2024-10-21 12:24:58.866984470+00:00,233.95
2024-10-21 12:25:00.039201756+00:00,234.09
2024-10-21 12:25:00.039255807+00:00,233.66
2024-10-21 12:25:00.940301280+00:00,233.81
2024-10-21 12:25:03.425959742+00:00,233.97
2024-10-21 12:25:07.929021771+00:00,234.02
2024-10-21 12:25:07.929036599+00:00,234.01
2024-10-21 12:25:08.718962947+00:00,233.97
2024-10-21 12:25:08.828413687+00:00,233.85
2024-10-21 12:25:09.009866477+00:00,233.71
2024-10-21 12:25:09.009890544+00:00,233.69
2024-10-21 12:25:09.088777165+00:00,233.69
2024-10-21 12:25:09.146677151+00:00,233.69
2024-10-21 12:25:09.146689798+00:00,233.72
2024-10-21 12:25:09.325236301+00:00,233.72
2024-10-21 12:25:09.325248668+00:00,233.69
2024-10-21 12:25:09.630030450+00:00,233.69
2024-10-21 12:25:09.684292780+00:00,233.69
2024-10-21 12:25:09.684305729+00:00,233.72
2024-10-21 12:25:10.726127491+00:00,233.98
2024-10-21 12:25:16.348283664+00:00,233.77
2024-10-21 12:25:25.279408267+00:00,233.77
2024-10-21 12:25:25.279420038+00:00,233.75
2024-10-21 12:25:25.341543400+00:00,234.0
2024-10-21 12:25:26.789218710+00:00,233.99
2024-10-21 12:25:34.805904261+00:00,233.86
2024-10-21 12:25:34.806661445+00:00,233.86
2024-10-21 12:25:34.806990464+00:00,233.93
2024-10-21 12:25:35.054480586+00:00,233.91
2024-10-21 12:25:35.054480586+00:00,233.93
2024-10-21 12:25:35.054480586+00:00,233.95
2024-10-21 12:25:35.054480586+00:00,233.95
2024-10-21 12:25:35.054558163+00:00,233.99
2024-10-21 12:25:35.064902310+00:00,234.0
2024-10-21 12:25:35.147671307+00:00,234.0
2024-10-21 12:25:37.149112390+00:00,233.98
2024-10-21 12:25:39.151789847+00:00,234.44
2024-10-21 12:25:43.597387033+00:00,233.76
2024-10-21 12:25:45.063448661+00:00,233.77
2024-10-21 12:25:52.757291105+00:00,233.77
2024-10-21 12:25:52.757304269+00:00,233.75
2024-10-21 12:25:54.873237392+00:00,233.81
2024-10-21 12:26:00.405695962+00:00,234.44
2024-10-21 12:26:01.715279752+00:00,233.76
2024-10-21 12:26:02.221924482+00:00,233.77
2024-10-21 12:26:02.408536304+00:00,234.07
2024-10-21 12:26:05.173881544+00:00,233.86
2024-10-21 12:26:05.247215441+00:00,234.0
2024-10-21 12:26:05.247226039+00:00,234.0
2024-10-21 12:26:05.247237168+00:00,234.01
2024-10-21 12:26:08.272451351+00:00,233.78
2024-10-21 12:26:09.610903498+00:00,233.85
2024-10-21 12:26:11.689776041+00:00,234.01
2024-10-21 12:26:11.689788127+00:00,234.03
2024-10-21 12:26:11.691787041+00:00,234.03
2024-10-21 12:26:11.746296162+00:00,234.03
2024-10-21 12:26:11.746308007+00:00,234.02
2024-10-21 12:26:13.045285946+00:00,233.79
2024-10-21 12:26:20.829236958+00:00,234.0
2024-10-21 12:26:22.496350258+00:00,234.07
2024-10-21 12:26:23.488892465+00:00,233.79
2024-10-21 12:26:23.498360877+00:00,233.78
2024-10-21 12:26:24.504437465+00:00,234.41
2024-10-21 12:26:25.077457400+00:00,233.78
2024-10-21 12:26:25.077469095+00:00,233.76
2024-10-21 12:26:25.077482593+00:00,234.02
2024-10-21 12:26:25.129312037+00:00,234.02
2024-10-21 12:26:25.129324093+00:00,234.0
2024-10-21 12:26:25.268638479+00:00,233.77
2024-10-21 12:26:25.384088744+00:00,234.0
2024-10-21 12:26:25.384100277+00:00,234.02
2024-10-21 12:26:25.438886764+00:00,233.78
2024-10-21 12:26:25.518902005+00:00,234.01
2024-10-21 12:26:31.592891536+00:00,234.41
2024-10-21 12:26:32.717433050+00:00,233.95
2024-10-21 12:26:32.717472823+00:00,233.78
2024-10-21 12:26:32.721528057+00:00,233.95
2024-10-21 12:26:32.820683999+00:00,233.78
2024-10-21 12:26:33.596060481+00:00,234.41
2024-10-21 12:26:33.705296257+00:00,233.78
2024-10-21 12:26:33.705309399+00:00,233.73
2024-10-21 12:26:40.656134264+00:00,234.01
2024-10-21 12:26:40.656147028+00:00,234.03
2024-10-21 12:26:40.707506986+00:00,233.74
2024-10-21 12:26:40.896535785+00:00,234.02
2024-10-21 12:26:42.392534365+00:00,234.41
2024-10-21 12:26:43.555613825+00:00,233.86
2024-10-21 12:26:43.555613825+00:00,233.86
2024-10-21 12:26:43.555625145+00:00,233.86
2024-10-21 12:26:43.555636531+00:00,233.9
2024-10-21 12:26:43.555641373+00:00,233.91
2024-10-21 12:26:43.555648065+00:00,233.93
2024-10-21 12:26:43.555650058+00:00,233.93
2024-10-21 12:26:43.555653371+00:00,233.91
2024-10-21 12:26:43.555663089+00:00,233.91
2024-10-21 12:26:43.555678324+00:00,233.9
2024-10-21 12:26:43.555692383+00:00,233.93
2024-10-21 12:26:43.555700148+00:00,233.93
2024-10-21 12:26:43.555711164+00:00,233.86
2024-10-21 12:26:43.555711164+00:00,233.86
2024-10-21 12:26:43.555724858+00:00,233.86
2024-10-21 12:26:43.555737821+00:00,233.86
2024-10-21 12:26:43.555737821+00:00,233.86
2024-10-21 12:26:43.555767270+00:00,233.74
2024-10-21 12:26:43.555789284+00:00,233.74
2024-10-21 12:26:43.555989102+00:00,233.93
2024-10-21 12:26:43.556335122+00:00,233.86
2024-10-21 12:26:43.556335122+00:00,233.86
2024-10-21 12:26:43.556344203+00:00,233.86
2024-10-21 12:26:43.602920183+00:00,233.74
2024-10-21 12:26:43.632931005+00:00,233.74
2024-10-21 12:26:43.663764676+00:00,233.94
2024-10-21 12:26:43.813764689+00:00,233.91
2024-10-21 12:26:44.395140599+00:00,233.97
2024-10-21 12:26:47.316834945+00:00,234.02
2024-10-21 12:26:47.316847348+00:00,234.04
2024-10-21 12:26:47.371448271+00:00,233.74
2024-10-21 12:26:47.371461367+00:00,233.76
2024-10-21 12:26:53.381650546+00:00,233.77
2024-10-21 12:26:54.545723322+00:00,233.77
2024-10-21 12:26:54.545735230+00:00,233.76
2024-10-21 12:27:04.677802802+00:00,233.77
2024-10-21 12:27:04.858186427+00:00,233.77
2024-10-21 12:27:08.140184917+00:00,233.86
2024-10-21 12:27:08.267237597+00:00,233.99
2024-10-21 12:27:08.903847050+00:00,233.77
2024-10-21 12:27:15.211023662+00:00,233.97
2024-10-21 12:27:16.357185731+00:00,233.95
2024-10-21 12:27:16.383880298+00:00,233.87
2024-10-21 12:27:16.383880298+00:00,233.87
2024-10-21 12:27:17.218233083+00:00,233.98
2024-10-21 12:27:21.555991612+00:00,233.77
2024-10-21 12:27:21.556005910+00:00,233.81
2024-10-21 12:27:21.983129451+00:00,233.81
2024-10-21 12:27:21.983142748+00:00,233.77
2024-10-21 12:27:22.988903196+00:00,233.98
2024-10-21 12:27:23.025707565+00:00,233.77
2024-10-21 12:27:23.025720316+00:00,233.74
2024-10-21 12:27:24.992239712+00:00,233.99
2024-10-21 12:27:25.038119028+00:00,233.77
2024-10-21 12:27:26.130738899+00:00,233.77
2024-10-21 12:27:28.578403729+00:00,233.99
2024-10-21 12:27:29.135563917+00:00,233.99
2024-10-21 12:27:29.135580379+00:00,234.05
2024-10-21 12:27:30.581609917+00:00,234.41
2024-10-21 12:27:37.149186319+00:00,233.77
2024-10-21 12:27:37.149198552+00:00,233.78
2024-10-21 12:27:37.281359883+00:00,234.02
2024-10-21 12:27:37.731121489+00:00,233.79
2024-10-21 12:27:37.763839849+00:00,233.79
2024-10-21 12:27:37.766952915+00:00,234.02
2024-10-21 12:27:39.525383410+00:00,234.02
2024-10-21 12:27:39.525394818+00:00,234.02
2024-10-21 12:27:39.526899044+00:00,234.41
2024-10-21 12:27:39.592903496+00:00,233.84
2024-10-21 12:27:39.593262886+00:00,233.84
2024-10-21 12:27:39.711750527+00:00,234.02
2024-10-21 12:27:40.731328339+00:00,234.01
2024-10-21 12:27:40.757807867+00:00,234.01
2024-10-21 12:27:40.757820402+00:00,234.02
2024-10-21 12:27:41.105981707+00:00,234.02
2024-10-21 12:27:41.175574942+00:00,234.06
2024-10-21 12:27:41.222814573+00:00,234.06
2024-10-21 12:27:41.319854032+00:00,234.06
2024-10-21 12:27:41.319866876+00:00,234.04
2024-10-21 12:27:41.529517717+00:00,234.38
2024-10-21 12:27:46.417280824+00:00,233.79
2024-10-21 12:27:46.417292639+00:00,233.77
2024-10-21 12:27:46.472297071+00:00,234.03
2024-10-21 12:27:47.208717142+00:00,234.03
2024-10-21 12:27:47.309406274+00:00,234.03
2024-10-21 12:27:47.985298442+00:00,233.78
2024-10-21 12:27:50.060705561+00:00,234.03
2024-10-21 12:27:50.061424726+00:00,233.87
2024-10-21 12:27:50.061724093+00:00,233.87
2024-10-21 12:27:50.062117451+00:00,233.87
2024-10-21 12:27:50.063092822+00:00,234.38
2024-10-21 12:27:50.065517946+00:00,233.87
2024-10-21 12:27:50.072608485+00:00,233.92
2024-10-21 12:27:50.072608485+00:00,233.87
2024-10-21 12:27:50.167395987+00:00,234.06
2024-10-21 12:27:51.736205355+00:00,234.06
2024-10-21 12:27:51.790801843+00:00,234.06
2024-10-21 12:27:51.790814229+00:00,234.05
2024-10-21 12:27:52.065555514+00:00,234.41
2024-10-21 12:27:52.393140055+00:00,233.91
2024-10-21 12:27:52.393807534+00:00,233.91
2024-10-21 12:27:53.196914522+00:00,233.81
2024-10-21 12:27:55.777360755+00:00,233.82
2024-10-21 12:27:57.069644133+00:00,234.41
2024-10-21 12:27:59.074932933+00:00,234.08
2024-10-21 12:28:13.140488443+00:00,234.08
2024-10-21 12:28:13.787619066+00:00,233.86
2024-10-21 12:28:15.143399309+00:00,234.07
2024-10-21 12:28:15.998512488+00:00,234.05
2024-10-21 12:28:16.004484708+00:00,234.05
2024-10-21 12:28:16.009375121+00:00,234.05
2024-10-21 12:28:18.439793678+00:00,233.82
2024-10-21 12:28:18.439806868+00:00,233.77
2024-10-21 12:28:18.595532956+00:00,233.78
2024-10-21 12:28:21.754579574+00:00,234.05
2024-10-21 12:28:21.754589712+00:00,234.05
2024-10-21 12:28:21.754600821+00:00,234.07
2024-10-21 12:28:21.805245495+00:00,233.79
2024-10-21 12:28:21.865225042+00:00,233.79
2024-10-21 12:28:32.979122877+00:00,233.8
2024-10-21 12:28:35.114709429+00:00,233.8
2024-10-21 12:28:35.114721686+00:00,233.78
2024-10-21 12:28:35.212998331+00:00,234.06
2024-10-21 12:28:35.345053997+00:00,233.78
2024-10-21 12:28:42.162092040+00:00,233.78
2024-10-21 12:28:42.162105350+00:00,233.82
2024-10-21 12:28:45.429284120+00:00,233.82
2024-10-21 12:28:45.429297045+00:00,233.78
2024-10-21 12:28:48.483119828+00:00,233.82
2024-10-21 12:28:55.560815833+00:00,233.86
2024-10-21 12:28:55.560817191+00:00,233.9
2024-10-21 12:28:55.560841422+00:00,233.9
2024-10-21 12:28:55.560892756+00:00,233.82
2024-10-21 12:28:55.561120579+00:00,233.9
2024-10-21 12:28:55.561195478+00:00,233.9
2024-10-21 12:28:55.562160475+00:00,234.07
2024-10-21 12:28:55.639691686+00:00,233.72
2024-10-21 12:28:55.964429174+00:00,233.75
2024-10-21 12:28:56.442607241+00:00,234.05
2024-10-21 12:28:57.565348157+00:00,234.07
2024-10-21 12:28:57.830839869+00:00,234.01
2024-10-21 12:28:57.890894861+00:00,234.0
2024-10-21 12:28:58.005959828+00:00,233.99
2024-10-21 12:28:58.694439582+00:00,233.81
2024-10-21 12:29:01.022123658+00:00,233.81
2024-10-21 12:29:01.022136915+00:00,233.76
2024-10-21 12:29:01.158380499+00:00,233.86
2024-10-21 12:29:01.158380499+00:00,233.86
2024-10-21 12:29:01.158380499+00:00,233.86
2024-10-21 12:29:01.158396024+00:00,233.86
2024-10-21 12:29:01.158404180+00:00,233.92
2024-10-21 12:29:01.158408745+00:00,233.96
2024-10-21 12:29:01.158418184+00:00,233.92
2024-10-21 12:29:01.158419809+00:00,233.96
2024-10-21 12:29:01.158423515+00:00,233.93
2024-10-21 12:29:01.158424717+00:00,233.86
2024-10-21 12:29:01.158424717+00:00,233.86
2024-10-21 12:29:01.158426997+00:00,233.86
2024-10-21 12:29:01.158427442+00:00,233.93
2024-10-21 12:29:01.158431288+00:00,233.96
2024-10-21 12:29:01.158434916+00:00,233.86
2024-10-21 12:29:01.158437825+00:00,233.97
2024-10-21 12:29:01.158453404+00:00,233.76
2024-10-21 12:29:01.158458726+00:00,233.92
2024-10-21 12:29:01.158475713+00:00,233.92
2024-10-21 12:29:01.158485485+00:00,233.91
2024-10-21 12:29:01.158498852+00:00,233.86
2024-10-21 12:29:01.158498852+00:00,233.86
2024-10-21 12:29:01.158508412+00:00,233.86
2024-10-21 12:29:01.158520941+00:00,233.86
2024-10-21 12:29:01.158520941+00:00,233.86
2024-10-21 12:29:01.158520941+00:00,233.86
2024-10-21 12:29:01.158530490+00:00,233.96
2024-10-21 12:29:01.158531815+00:00,233.96
2024-10-21 12:29:01.158554739+00:00,233.86
2024-10-21 12:29:01.158554739+00:00,233.86
2024-10-21 12:29:01.158835732+00:00,233.96
2024-10-21 12:29:01.260812083+00:00,233.97
2024-10-21 12:29:01.260820985+00:00,233.91
2024-10-21 12:29:01.260872777+00:00,233.74
2024-10-21 12:29:01.411037140+00:00,233.93
2024-10-21 12:29:01.477138444+00:00,233.86
2024-10-21 12:29:01.477138444+00:00,233.86
2024-10-21 12:29:01.477149422+00:00,233.86
2024-10-21 12:29:01.477199123+00:00,233.74
2024-10-21 12:29:01.541027344+00:00,233.66
2024-10-21 12:29:01.544694740+00:00,233.99
2024-10-21 12:29:01.602571884+00:00,233.99
2024-10-21 12:29:01.602608635+00:00,233.94
2024-10-21 12:29:01.646117074+00:00,233.94
2024-10-21 12:29:01.646130641+00:00,233.95
2024-10-21 12:29:01.700637009+00:00,233.71
2024-10-21 12:29:01.702431410+00:00,233.95
2024-10-21 12:29:01.702443831+00:00,233.99
2024-10-21 12:29:01.828859341+00:00,233.71
2024-10-21 12:29:01.883788028+00:00,233.71
2024-10-21 12:29:01.883801296+00:00,233.76
2024-10-21 12:29:04.074375510+00:00,233.81
2024-10-21 12:29:04.429500359+00:00,233.86
2024-10-21 12:29:04.429500359+00:00,233.86
2024-10-21 12:29:04.493551721+00:00,233.81
2024-10-21 12:29:04.493564498+00:00,233.78
2024-10-21 12:29:04.660423222+00:00,233.78
2024-10-21 12:29:04.660436269+00:00,233.66
2024-10-21 12:29:04.679139876+00:00,233.99
2024-10-21 12:29:04.736790546+00:00,233.99
2024-10-21 12:29:04.736803679+00:00,233.94
2024-10-21 12:29:04.942410445+00:00,233.94
2024-10-21 12:29:04.942423141+00:00,233.99
2024-10-21 12:29:04.996963888+00:00,233.76
2024-10-21 12:29:07.476155585+00:00,233.86
2024-10-21 12:29:07.476155585+00:00,233.86
2024-10-21 12:29:07.543812287+00:00,233.76
2024-10-21 12:29:07.572921012+00:00,234.07
2024-10-21 12:29:07.582875842+00:00,233.74
2024-10-21 12:29:07.714932040+00:00,233.76
2024-10-21 12:29:08.288226889+00:00,233.77
2024-10-21 12:29:08.936973408+00:00,233.99
2024-10-21 12:29:08.936985355+00:00,234.01
2024-10-21 12:29:08.991905949+00:00,233.78
2024-10-21 12:29:09.054055599+00:00,234.0
2024-10-21 12:29:09.096609749+00:00,233.86
2024-10-21 12:29:09.096609749+00:00,233.86
2024-10-21 12:29:09.096609749+00:00,233.86
2024-10-21 12:29:09.096622742+00:00,233.86
2024-10-21 12:29:09.096634813+00:00,233.92
2024-10-21 12:29:09.096639241+00:00,233.93
2024-10-21 12:29:09.096640225+00:00,233.97
2024-10-21 12:29:09.096649377+00:00,233.97
2024-10-21 12:29:09.096651465+00:00,233.93
2024-10-21 12:29:09.096659107+00:00,233.93
2024-10-21 12:29:09.096672869+00:00,233.98
2024-10-21 12:29:09.096683301+00:00,233.92
2024-10-21 12:29:09.096693428+00:00,233.78
2024-10-21 12:29:09.096705312+00:00,233.97
2024-10-21 12:29:09.096706998+00:00,233.97
2024-10-21 12:29:09.097036830+00:00,233.97
2024-10-21 12:29:09.197808423+00:00,233.98
2024-10-21 12:29:09.197865189+00:00,233.77
2024-10-21 12:29:09.349517861+00:00,233.93
2024-10-21 12:29:09.575899057+00:00,233.97
2024-10-21 12:29:11.490444580+00:00,233.78
2024-10-21 12:29:12.051081325+00:00,234.0
2024-10-21 12:29:12.051094374+00:00,234.02
2024-10-21 12:29:12.054384594+00:00,234.02
2024-10-21 12:29:12.054397299+00:00,234.06
2024-10-21 12:29:12.061278295+00:00,234.06
2024-10-21 12:29:12.188742107+00:00,233.78
2024-10-21 12:29:14.061139742+00:00,233.97
2024-10-21 12:29:16.067040933+00:00,234.07
2024-10-21 12:29:26.242855402+00:00,233.78
2024-10-21 12:29:26.242868183+00:00,233.79
2024-10-21 12:29:26.365233464+00:00,233.79
2024-10-21 12:29:49.448744098+00:00,233.87
2024-10-21 12:29:49.448744098+00:00,233.87
2024-10-21 12:29:49.448744098+00:00,233.87
2024-10-21 12:29:49.450300162+00:00,233.86
2024-10-21 12:29:49.450300162+00:00,233.86
2024-10-21 12:29:49.450311621+00:00,233.86
2024-10-21 12:29:49.450314673+00:00,233.86
2024-10-21 12:29:49.450314673+00:00,233.86
2024-10-21 12:29:49.450321900+00:00,233.92
2024-10-21 12:29:49.450325841+00:00,233.93
2024-10-21 12:29:49.450334304+00:00,233.97
2024-10-21 12:29:49.450337787+00:00,233.93
2024-10-21 12:29:49.450341436+00:00,233.93
2024-10-21 12:29:49.450344611+00:00,233.92
2024-10-21 12:29:49.450349606+00:00,233.98
2024-10-21 12:29:49.450351627+00:00,233.97
2024-10-21 12:29:49.450355047+00:00,233.97
2024-10-21 12:29:49.450394230+00:00,233.79
2024-10-21 12:29:49.450652186+00:00,233.97
2024-10-21 12:29:49.452270874+00:00,234.07
2024-10-21 12:29:49.553764632+00:00,233.98
2024-10-21 12:29:49.553823391+00:00,233.79
2024-10-21 12:29:49.703766083+00:00,233.93
2024-10-21 12:29:50.524022649+00:00,233.79
2024-10-21 12:29:50.524034831+00:00,233.78
2024-10-21 12:29:51.461550015+00:00,233.97
2024-10-21 12:29:54.581050838+00:00,234.06
2024-10-21 12:29:54.581064740+00:00,234.02
2024-10-21 12:29:54.639369336+00:00,233.98
2024-10-21 12:29:55.410313755+00:00,233.96
2024-10-21 12:30:01.594370016+00:00,233.78
2024-10-21 12:30:01.675073949+00:00,233.77
2024-10-21 12:30:01.702282387+00:00,233.77
2024-10-21 12:30:01.702295886+00:00,233.73
2024-10-21 12:30:01.702628858+00:00,233.96
2024-10-21 12:30:09.716255586+00:00,233.77
2024-10-21 12:30:10.321520576+00:00,233.78
2024-10-21 12:30:10.800024827+00:00,233.88
2024-10-21 12:30:10.800051476+00:00,233.78
2024-10-21 12:30:10.801218083+00:00,233.81
2024-10-21 12:30:10.801218083+00:00,233.81
2024-10-21 12:30:10.801218083+00:00,233.81
2024-10-21 12:30:10.801242022+00:00,233.86
2024-10-21 12:30:10.801249125+00:00,233.85
2024-10-21 12:30:10.801255194+00:00,233.86
2024-10-21 12:30:10.801256016+00:00,233.87
2024-10-21 12:30:10.801285169+00:00,233.86
2024-10-21 12:30:10.801293865+00:00,233.86
2024-10-21 12:30:10.801518640+00:00,233.89
2024-10-21 12:30:10.801839030+00:00,233.83
2024-10-21 12:30:10.801849830+00:00,233.8
2024-10-21 12:30:10.801849830+00:00,233.8
2024-10-21 12:30:10.801849830+00:00,233.8
2024-10-21 12:30:10.801875239+00:00,233.82
2024-10-21 12:30:10.801885691+00:00,233.82
2024-10-21 12:30:10.801887002+00:00,233.82
2024-10-21 12:30:10.801896921+00:00,233.82
2024-10-21 12:30:10.801910649+00:00,233.89
2024-10-21 12:30:10.801912958+00:00,233.82
2024-10-21 12:30:10.801948090+00:00,233.82
2024-10-21 12:30:10.802147907+00:00,233.82
2024-10-21 12:30:10.802168655+00:00,233.85
2024-10-21 12:30:10.803071076+00:00,233.97
2024-10-21 12:30:10.804124159+00:00,233.88
2024-10-21 12:30:10.805929875+00:00,233.83
2024-10-21 12:30:10.872155138+00:00,233.62
2024-10-21 12:30:10.897934717+00:00,233.62
2024-10-21 12:30:10.903766597+00:00,233.87
2024-10-21 12:30:10.925970633+00:00,233.91
2024-10-21 12:30:11.987463739+00:00,233.62
2024-10-21 12:30:11.987474545+00:00,233.62
2024-10-21 12:30:11.987486150+00:00,233.6
2024-10-21 12:30:12.806183466+00:00,233.97
2024-10-21 12:30:13.320141102+00:00,233.61
2024-10-21 12:30:13.926860673+00:00,233.68
2024-10-21 12:30:33.768570061+00:00,233.68
2024-10-21 12:30:33.768615671+00:00,233.86
2024-10-21 12:30:33.772724890+00:00,233.86
2024-10-21 12:30:33.841886930+00:00,233.53
2024-10-21 12:30:33.993763813+00:00,233.57
2024-10-21 12:30:34.613890939+00:00,233.57
2024-10-21 12:30:34.668094071+00:00,233.57
2024-10-21 12:30:34.668106643+00:00,233.61
2024-10-21 12:30:35.853859462+00:00,233.97
2024-10-21 12:30:36.897088633+00:00,233.63
2024-10-21 12:30:37.857289497+00:00,233.91
2024-10-21 12:30:37.932904919+00:00,233.91
2024-10-21 12:30:37.932917819+00:00,233.93
2024-10-21 12:30:40.401633392+00:00,233.64
2024-10-21 12:30:40.472627145+00:00,233.93
2024-10-21 12:30:40.523757097+00:00,233.93
2024-10-21 12:30:40.523770024+00:00,233.87
2024-10-21 12:30:40.959299618+00:00,233.87
2024-10-21 12:30:40.959311816+00:00,234.0
2024-10-21 12:30:40.959659070+00:00,234.0
2024-10-21 12:30:41.011299851+00:00,234.0
2024-10-21 12:30:41.011312427+00:00,233.93
2024-10-21 12:30:42.852800519+00:00,233.65
2024-10-21 12:30:42.911106065+00:00,233.65
2024-10-21 12:30:42.911118704+00:00,233.63
2024-10-21 12:30:43.077759194+00:00,233.81
2024-10-21 12:30:43.077845659+00:00,233.79
2024-10-21 12:30:43.077853974+00:00,233.82
2024-10-21 12:30:43.077880864+00:00,233.63
2024-10-21 12:30:43.078169970+00:00,233.81
2024-10-21 12:30:43.081947674+00:00,233.82
2024-10-21 12:30:43.081952786+00:00,233.79
2024-10-21 12:30:43.145229452+00:00,233.6
2024-10-21 12:30:51.064507066+00:00,233.9
2024-10-21 12:30:51.126612912+00:00,233.91
2024-10-21 12:30:53.132658845+00:00,233.89
2024-10-21 12:30:53.158946223+00:00,233.9
2024-10-21 12:30:53.158960124+00:00,233.94
2024-10-21 12:30:54.724993656+00:00,233.61
2024-10-21 12:30:57.249970057+00:00,233.91
2024-10-21 12:30:59.735648884+00:00,233.9
2024-10-21 12:31:00.041878233+00:00,233.88
2024-10-21 12:31:00.098753103+00:00,233.89
2024-10-21 12:31:00.156687698+00:00,233.88
2024-10-21 12:31:00.156700602+00:00,233.9
2024-10-21 12:31:00.172626181+00:00,233.9
2024-10-21 12:31:00.172638682+00:00,233.94
2024-10-21 12:31:00.400232797+00:00,233.92
2024-10-21 12:31:00.880934995+00:00,233.92
2024-10-21 12:31:00.880948262+00:00,233.94
2024-10-21 12:31:01.118555295+00:00,233.93
2024-10-21 12:31:01.146597464+00:00,233.9
2024-10-21 12:31:01.698782682+00:00,233.76
2024-10-21 12:31:02.104600327+00:00,233.89
2024-10-21 12:31:02.286559844+00:00,233.9
2024-10-21 12:31:02.286572345+00:00,233.92
2024-10-21 12:31:02.297066314+00:00,233.92
2024-10-21 12:31:02.297079450+00:00,233.94
2024-10-21 12:31:02.320854035+00:00,233.65
2024-10-21 12:31:03.261814629+00:00,233.65
2024-10-21 12:31:03.312554281+00:00,233.68
2024-10-21 12:31:05.971386477+00:00,233.93
2024-10-21 12:31:10.467431005+00:00,233.81
2024-10-21 12:31:10.467497398+00:00,233.76
2024-10-21 12:31:10.467497398+00:00,233.76
2024-10-21 12:31:10.467519660+00:00,233.8
2024-10-21 12:31:10.467521772+00:00,233.79
2024-10-21 12:31:10.467536010+00:00,233.8
2024-10-21 12:31:10.467551632+00:00,233.8
2024-10-21 12:31:10.467575929+00:00,233.68
2024-10-21 12:31:10.471173647+00:00,233.89
2024-10-21 12:31:10.471527171+00:00,233.81
2024-10-21 12:31:10.525425470+00:00,233.67
2024-10-21 12:31:10.538626301+00:00,233.67
2024-10-21 12:31:10.538638966+00:00,233.64
2024-10-21 12:31:10.567605274+00:00,233.79
2024-10-21 12:31:10.567631078+00:00,233.8
2024-10-21 12:31:12.174575957+00:00,233.65
2024-10-21 12:31:12.184589806+00:00,233.66
2024-10-21 12:31:12.475429772+00:00,233.89
2024-10-21 12:31:12.508130141+00:00,233.66
2024-10-21 12:31:12.508143118+00:00,233.6
2024-10-21 12:31:12.564024144+00:00,233.63
2024-10-21 12:31:13.593602346+00:00,233.66
2024-10-21 12:31:15.015468720+00:00,233.66
2024-10-21 12:31:15.015480988+00:00,233.63
2024-10-21 12:31:16.945691674+00:00,233.86
2024-10-21 12:31:18.603058995+00:00,233.93
2024-10-21 12:31:18.603071495+00:00,233.95
2024-10-21 12:31:18.660460803+00:00,233.64
2024-10-21 12:31:18.669906311+00:00,233.64
2024-10-21 12:31:18.669917997+00:00,233.61
2024-10-21 12:31:19.089550857+00:00,233.86
2024-10-21 12:31:20.603309467+00:00,233.89
2024-10-21 12:31:22.606580635+00:00,233.97
2024-10-21 12:31:27.506013569+00:00,233.9
2024-10-21 12:31:31.003647553+00:00,233.77
2024-10-21 12:31:31.007751363+00:00,233.77
2024-10-21 12:31:33.219286515+00:00,233.9
2024-10-21 12:31:33.219299014+00:00,233.93
2024-10-21 12:31:33.219384692+00:00,233.93
2024-10-21 12:31:33.219396602+00:00,233.95
2024-10-21 12:31:33.283679402+00:00,233.91
2024-10-21 12:31:36.129038634+00:00,233.97
2024-10-21 12:31:38.015553779+00:00,233.61
2024-10-21 12:31:38.131960021+00:00,233.97
2024-10-21 12:31:39.147851742+00:00,233.61
2024-10-21 12:31:39.834158320+00:00,233.61
2024-10-21 12:31:39.834169303+00:00,233.61
2024-10-21 12:31:39.834181341+00:00,233.59
2024-10-21 12:31:40.907996076+00:00,233.59
2024-10-21 12:31:40.962639115+00:00,233.59
2024-10-21 12:31:40.962651822+00:00,233.61
2024-10-21 12:31:41.070734248+00:00,233.65
2024-10-21 12:31:45.869832455+00:00,233.76
2024-10-21 12:31:45.873939488+00:00,233.76
2024-10-21 12:31:45.941769646+00:00,233.65
2024-10-21 12:31:45.941781796+00:00,233.61
2024-10-21 12:31:48.996666200+00:00,233.7
2024-10-21 12:31:49.143737320+00:00,233.97
2024-10-21 12:31:51.146504844+00:00,233.97
2024-10-21 12:31:52.622166042+00:00,233.9
2024-10-21 12:31:55.540346724+00:00,233.7
2024-10-21 12:32:04.030002963+00:00,233.97
2024-10-21 12:32:05.348083+00:00,233.7
2024-10-21 12:32:05.348095069+00:00,233.61
2024-10-21 12:32:05.979188085+00:00,233.8
2024-10-21 12:32:06.032805816+00:00,234.32
2024-10-21 12:32:07.542071110+00:00,233.9
2024-10-21 12:32:07.542083244+00:00,233.92
2024-10-21 12:32:07.598649034+00:00,233.62
2024-10-21 12:32:07.665482103+00:00,233.91
2024-10-21 12:32:08.403235695+00:00,233.66
2024-10-21 12:32:11.088924820+00:00,233.86
2024-10-21 12:32:11.127329051+00:00,233.67
2024-10-21 12:32:11.560345813+00:00,233.67
2024-10-21 12:32:11.562209891+00:00,233.91
2024-10-21 12:32:11.562224326+00:00,233.96
2024-10-21 12:32:11.610968597+00:00,233.67
2024-10-21 12:32:11.610981426+00:00,233.71
2024-10-21 12:32:11.648070870+00:00,233.94
2024-10-21 12:32:14.797225568+00:00,233.86
2024-10-21 12:32:14.798092831+00:00,233.82
2024-10-21 12:32:18.141468975+00:00,233.8
2024-10-21 12:32:18.141468975+00:00,233.8
2024-10-21 12:32:18.141491360+00:00,233.81
2024-10-21 12:32:18.141532732+00:00,233.81
2024-10-21 12:32:18.141539068+00:00,233.71
2024-10-21 12:32:18.152822419+00:00,233.81
2024-10-21 12:32:18.152831190+00:00,233.8
2024-10-21 12:32:18.153255214+00:00,233.8
2024-10-21 12:32:18.153370459+00:00,233.81
2024-10-21 12:32:18.161685578+00:00,234.32
2024-10-21 12:32:18.224017456+00:00,233.62
2024-10-21 12:32:18.224122852+00:00,233.94
2024-10-21 12:32:18.276169768+00:00,233.94
2024-10-21 12:32:18.276183899+00:00,233.91
2024-10-21 12:32:20.168408031+00:00,234.3
2024-10-21 12:32:23.901384194+00:00,233.91
2024-10-21 12:32:27.277441455+00:00,233.74
2024-10-21 12:32:27.281535445+00:00,233.74
2024-10-21 12:32:27.945642504+00:00,233.62
2024-10-21 12:32:35.504980540+00:00,233.76
2024-10-21 12:32:35.505060728+00:00,233.82
2024-10-21 12:32:35.505060728+00:00,233.82
2024-10-21 12:32:35.505082570+00:00,233.78
2024-10-21 12:32:35.505087722+00:00,233.79
2024-10-21 12:32:35.505097774+00:00,233.78
2024-10-21 12:32:35.505110083+00:00,233.77
2024-10-21 12:32:35.505118236+00:00,233.91
2024-10-21 12:32:35.505132160+00:00,233.78
2024-10-21 12:32:35.505139710+00:00,233.78
2024-10-21 12:32:35.509073618+00:00,233.76
2024-10-21 12:32:35.605165948+00:00,233.79
2024-10-21 12:32:35.605194517+00:00,233.77
2024-10-21 12:32:37.670347240+00:00,233.62
2024-10-21 12:32:38.041341719+00:00,233.91
2024-10-21 12:32:38.100855625+00:00,233.91
2024-10-21 12:32:38.100868142+00:00,233.9
2024-10-21 12:32:48.253052117+00:00,233.62
2024-10-21 12:32:48.253063227+00:00,233.62
2024-10-21 12:32:48.253074967+00:00,233.6
2024-10-21 12:32:48.306721177+00:00,233.89
2024-10-21 12:32:55.953734385+00:00,233.64
2024-10-21 12:33:01.303215240+00:00,233.84
2024-10-21 12:33:05.793522393+00:00,233.84
2024-10-21 12:33:05.794507041+00:00,234.3
2024-10-21 12:33:06.321056918+00:00,233.76
2024-10-21 12:33:06.321081410+00:00,233.78
2024-10-21 12:33:06.321117671+00:00,233.83
2024-10-21 12:33:06.325151716+00:00,233.76
2024-10-21 12:33:06.325187400+00:00,233.78
2024-10-21 12:33:07.427626768+00:00,233.84
2024-10-21 12:33:07.801879861+00:00,234.31
2024-10-21 12:33:09.053244732+00:00,233.82
2024-10-21 12:33:09.156252110+00:00,233.82
2024-10-21 12:33:09.156252110+00:00,233.82
2024-10-21 12:33:12.169745303+00:00,234.31
2024-10-21 12:33:14.175223557+00:00,234.3
2024-10-21 12:33:14.283552259+00:00,233.84
2024-10-21 12:33:15.381509806+00:00,233.89
2024-10-21 12:33:15.434611774+00:00,233.65
2024-10-21 12:33:21.206576211+00:00,233.85
2024-10-21 12:33:21.206611882+00:00,233.65
2024-10-21 12:33:21.210681542+00:00,233.85
2024-10-21 12:33:21.285249933+00:00,233.6
2024-10-21 12:33:22.875006113+00:00,234.3
2024-10-21 12:33:24.340747933+00:00,233.64
2024-10-21 12:33:24.880805430+00:00,233.98
2024-10-21 12:33:26.285422898+00:00,233.64
2024-10-21 12:33:26.285434922+00:00,233.6
2024-10-21 12:33:26.288517312+00:00,233.89
2024-10-21 12:33:28.839620575+00:00,233.89
2024-10-21 12:33:28.839633521+00:00,233.88
2024-10-21 12:33:29.340151844+00:00,233.63
2024-10-21 12:33:36.906518675+00:00,233.88
2024-10-21 12:33:39.988033229+00:00,233.75
2024-10-21 12:33:41.899233441+00:00,233.64
2024-10-21 12:33:48.686584626+00:00,233.77
2024-10-21 12:33:48.686646314+00:00,233.77
2024-10-21 12:33:48.687003945+00:00,233.77
2024-10-21 12:33:48.690751022+00:00,233.77
2024-10-21 12:33:49.477179785+00:00,233.82
2024-10-21 12:33:49.477179785+00:00,233.82
2024-10-21 12:33:49.544831228+00:00,233.64
2024-10-21 12:33:49.544930382+00:00,233.88
2024-10-21 12:33:49.544942069+00:00,233.94
2024-10-21 12:33:49.602010461+00:00,233.64
2024-10-21 12:33:49.602023386+00:00,233.68
2024-10-21 12:33:50.024262364+00:00,233.89
2024-10-21 12:33:51.861072481+00:00,233.69
2024-10-21 12:33:52.769482629+00:00,233.69
2024-10-21 12:33:52.769493295+00:00,233.67
2024-10-21 12:33:52.993927871+00:00,233.75
2024-10-21 12:33:53.065065422+00:00,233.67
2024-10-21 12:33:56.944168416+00:00,233.4
2024-10-21 12:33:59.088811005+00:00,233.67
2024-10-21 12:33:59.088823750+00:00,233.65
2024-10-21 12:34:02.149897491+00:00,233.78
2024-10-21 12:34:02.149928619+00:00,233.82
2024-10-21 12:34:02.149928619+00:00,233.82
2024-10-21 12:34:02.149950355+00:00,233.79
2024-10-21 12:34:02.149954232+00:00,233.8
2024-10-21 12:34:02.149963811+00:00,233.79
2024-10-21 12:34:02.149968531+00:00,233.79
2024-10-21 12:34:02.149995072+00:00,233.79
2024-10-21 12:34:02.150289648+00:00,233.78
2024-10-21 12:34:02.224326757+00:00,233.89
2024-10-21 12:34:02.250035378+00:00,233.8
2024-10-21 12:34:02.433938165+00:00,233.66
2024-10-21 12:34:04.221298672+00:00,233.89
2024-10-21 12:34:04.221593520+00:00,233.78
2024-10-21 12:34:04.221921450+00:00,233.78
2024-10-21 12:34:04.223075802+00:00,233.98
2024-10-21 12:34:04.325592369+00:00,233.9
2024-10-21 12:34:06.238355905+00:00,233.99
2024-10-21 12:34:11.389652181+00:00,233.99
2024-10-21 12:34:13.393399417+00:00,233.92
2024-10-21 12:34:13.740065207+00:00,233.89
2024-10-21 12:34:14.476131192+00:00,233.66
2024-10-21 12:34:14.476143802+00:00,233.65
2024-10-21 12:34:18.143679631+00:00,233.88
2024-10-21 12:34:21.570266497+00:00,233.65
2024-10-21 12:34:21.570278537+00:00,233.63
2024-10-21 12:34:24.634338724+00:00,233.88
2024-10-21 12:34:24.734729841+00:00,233.88
2024-10-21 12:34:26.051200518+00:00,233.92
2024-10-21 12:34:28.056511802+00:00,233.9
2024-10-21 12:34:31.566351603+00:00,233.9
2024-10-21 12:34:33.571362114+00:00,233.89
2024-10-21 12:34:33.720440799+00:00,233.87
2024-10-21 12:34:33.730448933+00:00,233.86
2024-10-21 12:34:33.745274141+00:00,233.86
2024-10-21 12:34:33.745287278+00:00,233.92
2024-10-21 12:34:33.747590481+00:00,233.92
2024-10-21 12:34:33.751727739+00:00,233.92
2024-10-21 12:34:35.757406077+00:00,233.89
2024-10-21 12:34:37.761184677+00:00,233.91
2024-10-21 12:34:37.968027551+00:00,233.92
2024-10-21 12:34:37.968040798+00:00,233.88
2024-10-21 12:34:38.475738499+00:00,233.88
2024-10-21 12:34:38.475751280+00:00,233.92
2024-10-21 12:34:38.943836159+00:00,233.88
2024-10-21 12:34:38.961431383+00:00,233.88
2024-10-21 12:34:38.961442941+00:00,233.92
2024-10-21 12:34:39.359232731+00:00,233.88
2024-10-21 12:34:39.445076887+00:00,233.88
2024-10-21 12:34:39.445089261+00:00,233.92
2024-10-21 12:34:39.534348093+00:00,233.88
2024-10-21 12:34:39.805848072+00:00,233.88
2024-10-21 12:34:39.805861078+00:00,233.92
2024-10-21 12:34:40.424950427+00:00,233.76
2024-10-21 12:34:40.429056129+00:00,233.76
2024-10-21 12:34:42.760362354+00:00,233.91
2024-10-21 12:34:44.765845817+00:00,233.9
2024-10-21 12:34:46.916797916+00:00,233.79
2024-10-21 12:34:51.436613204+00:00,233.77
2024-10-21 12:34:51.440710504+00:00,233.77
2024-10-21 12:34:54.821268272+00:00,233.9
2024-10-21 12:34:56.823934089+00:00,233.91
2024-10-21 12:34:56.914006729+00:00,233.92
2024-10-21 12:34:56.914018909+00:00,233.94
2024-10-21 12:34:56.970301620+00:00,233.64
2024-10-21 12:35:01.086704786+00:00,233.93
2024-10-21 12:35:04.824035688+00:00,233.91
2024-10-21 12:35:06.832364220+00:00,233.9
2024-10-21 12:35:10.273312188+00:00,233.75
2024-10-21 12:35:11.596759827+00:00,233.65
2024-10-21 12:35:11.866382042+00:00,233.9
2024-10-21 12:35:12.594795091+00:00,233.65
2024-10-21 12:35:12.649791928+00:00,233.65
2024-10-21 12:35:12.649804588+00:00,233.66
2024-10-21 12:35:13.882085380+00:00,233.91
2024-10-21 12:35:18.869298325+00:00,233.91
2024-10-21 12:35:20.880663008+00:00,233.86
2024-10-21 12:35:22.590424361+00:00,233.93
2024-10-21 12:35:22.590436801+00:00,233.95
2024-10-21 12:35:22.645812212+00:00,233.67
2024-10-21 12:35:23.823304028+00:00,233.94
2024-10-21 12:35:23.988201548+00:00,233.84
2024-10-21 12:35:24.238426890+00:00,233.86
2024-10-21 12:35:24.238426890+00:00,233.86
2024-10-21 12:35:24.238452385+00:00,233.8
2024-10-21 12:35:24.238461987+00:00,233.78
2024-10-21 12:35:24.238465281+00:00,233.78
2024-10-21 12:35:24.238471795+00:00,233.8
2024-10-21 12:35:24.238485568+00:00,233.77
2024-10-21 12:35:24.238506128+00:00,233.78
2024-10-21 12:35:24.238844974+00:00,233.94
2024-10-21 12:35:24.325803839+00:00,233.94
2024-10-21 12:35:24.325823716+00:00,233.8
2024-10-21 12:35:24.343765036+00:00,233.77
2024-10-21 12:35:24.343821064+00:00,233.94
2024-10-21 12:35:24.493765488+00:00,233.8
2024-10-21 12:35:39.266829390+00:00,233.77
2024-10-21 12:35:39.267322775+00:00,233.77
2024-10-21 12:35:46.324153630+00:00,233.67
2024-10-21 12:35:46.324167263+00:00,233.65
2024-10-21 12:35:46.381553985+00:00,233.94
2024-10-21 12:35:46.464926027+00:00,233.94
2024-10-21 12:35:48.967546449+00:00,233.65
2024-10-21 12:35:48.967567635+00:00,233.6
2024-10-21 12:35:50.412145028+00:00,233.66
2024-10-21 12:35:54.451388501+00:00,233.94
2024-10-21 12:35:54.451399487+00:00,233.94
2024-10-21 12:35:54.451579862+00:00,233.81
2024-10-21 12:35:54.451584967+00:00,233.78
2024-10-21 12:35:54.451914911+00:00,233.78
2024-10-21 12:35:54.490013783+00:00,233.81
2024-10-21 12:35:54.565074677+00:00,233.94
2024-10-21 12:35:56.157378125+00:00,233.94
2024-10-21 12:35:56.203098030+00:00,233.94
2024-10-21 12:35:59.076399251+00:00,233.94
2024-10-21 12:35:59.076412669+00:00,233.99
2024-10-21 12:35:59.437757339+00:00,233.68
2024-10-21 12:35:59.494791441+00:00,233.7
2024-10-21 12:36:00.843631726+00:00,233.71
2024-10-21 12:36:02.353651432+00:00,233.71
2024-10-21 12:36:02.353665960+00:00,233.68
2024-10-21 12:36:07.530496723+00:00,233.99
2024-10-21 12:36:07.530508969+00:00,234.01
2024-10-21 12:36:07.585080931+00:00,233.69
2024-10-21 12:36:09.508691863+00:00,234.0
2024-10-21 12:36:10.549225606+00:00,233.89
2024-10-21 12:36:43.158440811+00:00,233.71
2024-10-21 12:36:43.375021837+00:00,233.71
2024-10-21 12:36:43.375035050+00:00,233.68
2024-10-21 12:36:50.819889336+00:00,233.69
2024-10-21 12:36:53.683336201+00:00,233.87
2024-10-21 12:36:54.097617679+00:00,233.69
2024-10-21 12:36:54.097630082+00:00,233.67
2024-10-21 12:36:54.153856242+00:00,233.95
2024-10-21 12:36:56.765119762+00:00,233.95
2024-10-21 12:36:56.765132861+00:00,233.98
2024-10-21 12:36:56.819654707+00:00,233.75
2024-10-21 12:36:57.476523790+00:00,233.97
2024-10-21 12:36:58.378164795+00:00,233.8
2024-10-21 12:36:58.406534723+00:00,233.75
2024-10-21 12:36:58.406546557+00:00,233.66
2024-10-21 12:36:58.464922853+00:00,233.95
2024-10-21 12:37:00.372093470+00:00,233.94
2024-10-21 12:37:00.454146766+00:00,233.67
2024-10-21 12:37:00.536164034+00:00,233.7
2024-10-21 12:37:01.064935080+00:00,233.87
2024-10-21 12:37:01.064935080+00:00,233.87
2024-10-21 12:37:01.064997491+00:00,233.7
2024-10-21 12:37:01.065010830+00:00,233.87
2024-10-21 12:37:01.065010830+00:00,233.87
2024-10-21 12:37:01.065032811+00:00,233.88
2024-10-21 12:37:01.065044515+00:00,233.88
2024-10-21 12:37:01.065398746+00:00,233.88
2024-10-21 12:37:01.134392616+00:00,233.66
2024-10-21 12:37:01.201495261+00:00,233.66
2024-10-21 12:37:01.201507987+00:00,233.63
2024-10-21 12:37:01.461864865+00:00,233.66
2024-10-21 12:37:01.498580512+00:00,233.87
2024-10-21 12:37:02.076277129+00:00,233.66
2024-10-21 12:37:02.131181816+00:00,233.66
2024-10-21 12:37:02.131194998+00:00,233.71
2024-10-21 12:37:05.074380125+00:00,233.86
2024-10-21 12:37:09.471991076+00:00,233.87
2024-10-21 12:37:09.476084016+00:00,233.87
2024-10-21 12:37:09.756862909+00:00,233.71
2024-10-21 12:37:09.756876626+00:00,233.66
2024-10-21 12:37:10.616114227+00:00,233.71
2024-10-21 12:37:17.205123764+00:00,233.71
2024-10-21 12:37:17.205136424+00:00,233.66
2024-10-21 12:37:19.163732276+00:00,233.94
2024-10-21 12:37:19.163745804+00:00,233.97
2024-10-21 12:37:19.224217636+00:00,233.94
2024-10-21 12:37:24.436550463+00:00,233.71
2024-10-21 12:37:25.366548710+00:00,233.71
2024-10-21 12:37:25.366561737+00:00,233.66
2024-10-21 12:37:27.922279446+00:00,233.71
2024-10-21 12:37:36.585363105+00:00,233.71
2024-10-21 12:37:36.585375675+00:00,233.66
2024-10-21 12:37:36.952501284+00:00,233.71
2024-10-21 12:37:38.907567221+00:00,233.93
2024-10-21 12:37:39.163653557+00:00,233.73
2024-10-21 12:37:39.594538033+00:00,233.92
2024-10-21 12:37:42.591822605+00:00,233.73
2024-10-21 12:37:42.591835289+00:00,233.7
2024-10-21 12:37:47.411231127+00:00,233.84
2024-10-21 12:37:48.676986240+00:00,233.85
2024-10-21 12:37:48.750455978+00:00,233.92
2024-10-21 12:37:48.750469059+00:00,233.96
2024-10-21 12:37:48.859269056+00:00,233.93
2024-10-21 12:37:49.104334459+00:00,233.93
2024-10-21 12:37:49.104346675+00:00,233.96
2024-10-21 12:37:49.160516949+00:00,233.75
2024-10-21 12:37:50.467783433+00:00,233.75
2024-10-21 12:37:50.467796686+00:00,233.7
2024-10-21 12:37:50.525418175+00:00,233.93
2024-10-21 12:37:51.258156258+00:00,233.93
2024-10-21 12:37:51.258169160+00:00,233.96
2024-10-21 12:37:51.310797013+00:00,233.75
2024-10-21 12:37:54.120490249+00:00,233.76
2024-10-21 12:37:54.459888299+00:00,233.94
2024-10-21 12:37:57.227102986+00:00,233.93
2024-10-21 12:38:00.262765699+00:00,233.76
2024-10-21 12:38:00.262778489+00:00,233.74
2024-10-21 12:38:00.316954864+00:00,233.75
2024-10-21 12:38:00.336429148+00:00,233.93
2024-10-21 12:38:00.336442519+00:00,233.96
2024-10-21 12:38:00.442444353+00:00,233.93
2024-10-21 12:38:00.603243988+00:00,233.92
2024-10-21 12:38:01.201736475+00:00,233.84
2024-10-21 12:38:01.201736475+00:00,233.84
2024-10-21 12:38:01.269398755+00:00,233.75
2024-10-21 12:38:01.269411943+00:00,233.69
2024-10-21 12:38:01.547036937+00:00,233.75
2024-10-21 12:38:02.096094950+00:00,233.69
2024-10-21 12:38:02.402017086+00:00,233.69
2024-10-21 12:38:02.465417465+00:00,233.69
2024-10-21 12:38:02.465429218+00:00,233.7
2024-10-21 12:38:13.050394683+00:00,233.84
2024-10-21 12:38:13.124071363+00:00,233.92
2024-10-21 12:38:13.124084446+00:00,233.95
2024-10-21 12:38:18.490902611+00:00,233.7
2024-10-21 12:38:18.490913936+00:00,233.69
2024-10-21 12:38:20.985998839+00:00,233.8
2024-10-21 12:38:20.985998839+00:00,233.8
2024-10-21 12:38:20.986025309+00:00,233.82
2024-10-21 12:38:20.986183368+00:00,233.69
2024-10-21 12:38:20.986209570+00:00,233.83
2024-10-21 12:38:20.986221127+00:00,233.83
2024-10-21 12:38:20.986359911+00:00,233.83
2024-10-21 12:38:20.986378447+00:00,233.89
2024-10-21 12:38:20.986396044+00:00,233.82
2024-10-21 12:38:20.986433209+00:00,233.88
2024-10-21 12:38:20.986615985+00:00,233.83
2024-10-21 12:38:20.986887376+00:00,233.81
2024-10-21 12:38:20.986924542+00:00,233.87
2024-10-21 12:38:20.990315989+00:00,233.83
2024-10-21 12:38:21.053639879+00:00,233.69
2024-10-21 12:38:21.057112403+00:00,233.69
2024-10-21 12:38:21.064804647+00:00,233.58
2024-10-21 12:38:21.064830997+00:00,233.95
2024-10-21 12:38:21.086105964+00:00,233.82
2024-10-21 12:38:21.116614965+00:00,233.95
2024-10-21 12:38:21.116627916+00:00,233.94
2024-10-21 12:38:21.127620498+00:00,233.87
2024-10-21 12:38:21.712864469+00:00,233.58
2024-10-21 12:38:21.828276411+00:00,233.58
2024-10-21 12:38:22.256456628+00:00,233.58
2024-10-21 12:38:22.256482691+00:00,233.61
2024-10-21 12:38:23.254687557+00:00,233.8
2024-10-21 12:38:24.119784545+00:00,233.64
2024-10-21 12:38:24.411319477+00:00,233.64
2024-10-21 12:38:24.411330476+00:00,233.61
2024-10-21 12:38:27.465707438+00:00,233.64
2024-10-21 12:38:27.556753199+00:00,233.64
2024-10-21 12:38:27.556765455+00:00,233.63
2024-10-21 12:38:27.614000492+00:00,233.63
2024-10-21 12:38:27.614012681+00:00,233.6
2024-10-21 12:38:27.623739112+00:00,233.86
2024-10-21 12:38:28.193154770+00:00,233.85
2024-10-21 12:38:28.732222683+00:00,233.8
2024-10-21 12:38:28.732261256+00:00,233.86
2024-10-21 12:38:30.670563949+00:00,233.67
2024-10-21 12:38:30.672097186+00:00,233.85
2024-10-21 12:38:30.672110180+00:00,233.86
2024-10-21 12:38:30.672237085+00:00,233.86
2024-10-21 12:38:30.672248660+00:00,233.91
2024-10-21 12:38:31.614004753+00:00,233.86
2024-10-21 12:38:32.037724092+00:00,233.68
2024-10-21 12:38:33.019264575+00:00,233.68
2024-10-21 12:38:33.019275921+00:00,233.61
2024-10-21 12:38:33.943719177+00:00,233.8
2024-10-21 12:38:33.943719177+00:00,233.8
2024-10-21 12:38:33.943747947+00:00,233.8
2024-10-21 12:38:33.943747947+00:00,233.8
2024-10-21 12:38:33.943769475+00:00,233.72
2024-10-21 12:38:33.943773105+00:00,233.75
2024-10-21 12:38:33.943783290+00:00,233.72
2024-10-21 12:38:33.943793216+00:00,233.75
2024-10-21 12:38:33.943807790+00:00,233.72
2024-10-21 12:38:33.943810905+00:00,233.72
2024-10-21 12:38:33.943823630+00:00,233.72
2024-10-21 12:38:33.944141857+00:00,233.87
2024-10-21 12:38:33.944247536+00:00,233.76
2024-10-21 12:38:33.944267088+00:00,233.87
2024-10-21 12:38:33.952228694+00:00,233.76
2024-10-21 12:38:33.952250005+00:00,233.75
2024-10-21 12:38:33.989609591+00:00,233.87
2024-10-21 12:38:34.050783040+00:00,233.87
2024-10-21 12:38:34.050814299+00:00,233.72
2024-10-21 12:38:34.203768072+00:00,233.75
2024-10-21 12:38:34.505296009+00:00,233.8
2024-10-21 12:38:36.080592393+00:00,233.68
2024-10-21 12:38:36.293829552+00:00,233.69
2024-10-21 12:38:36.493352133+00:00,233.87
2024-10-21 12:38:36.493362781+00:00,233.87
2024-10-21 12:38:36.493424304+00:00,233.77
2024-10-21 12:38:36.493836095+00:00,233.88
2024-10-21 12:38:36.497532688+00:00,233.77
2024-10-21 12:38:36.552185914+00:00,233.88
2024-10-21 12:38:38.241994623+00:00,233.69
2024-10-21 12:38:38.242007311+00:00,233.62
2024-10-21 12:38:41.493738059+00:00,233.63
2024-10-21 12:38:41.521748296+00:00,233.68
2024-10-21 12:38:41.531759226+00:00,233.88
2024-10-21 12:38:41.531773720+00:00,233.87
2024-10-21 12:38:53.685919391+00:00,233.79
2024-10-21 12:38:53.685955694+00:00,233.85
2024-10-21 12:38:54.308447960+00:00,233.68
2024-10-21 12:38:54.308461200+00:00,233.61
2024-10-21 12:38:54.572377396+00:00,233.62
2024-10-21 12:38:57.365590499+00:00,233.65
2024-10-21 12:39:00.408882228+00:00,234.02
2024-10-21 12:39:05.885844391+00:00,233.79
2024-10-21 12:39:05.885844391+00:00,233.79
2024-10-21 12:39:05.885875693+00:00,233.79
2024-10-21 12:39:05.885875693+00:00,233.79
2024-10-21 12:39:05.885899748+00:00,233.74
2024-10-21 12:39:05.885911152+00:00,233.72
2024-10-21 12:39:05.885912895+00:00,233.72
2024-10-21 12:39:05.885925030+00:00,233.72
2024-10-21 12:39:05.885938282+00:00,233.74
2024-10-21 12:39:05.885953008+00:00,233.71
2024-10-21 12:39:05.886355387+00:00,233.76
2024-10-21 12:39:05.886369948+00:00,233.87
2024-10-21 12:39:05.886738012+00:00,233.76
2024-10-21 12:39:05.886757600+00:00,233.74
2024-10-21 12:39:05.886783783+00:00,233.88
2024-10-21 12:39:05.981525319+00:00,233.88
2024-10-21 12:39:05.993765456+00:00,233.71
2024-10-21 12:39:06.136295194+00:00,233.74
2024-10-21 12:39:13.360887776+00:00,233.88
2024-10-21 12:39:13.360899450+00:00,233.87
2024-10-21 12:39:17.310474885+00:00,233.65
2024-10-21 12:39:17.310488922+00:00,233.61
2024-10-21 12:39:18.976780060+00:00,233.62
2024-10-21 12:39:20.364855444+00:00,233.69
2024-10-21 12:39:30.110092903+00:00,233.69
2024-10-21 12:39:30.110469895+00:00,233.79
2024-10-21 12:39:30.217424858+00:00,233.61
2024-10-21 12:39:33.244552009+00:00,233.64
2024-10-21 12:39:34.610960601+00:00,233.65
2024-10-21 12:39:39.685061973+00:00,233.65
2024-10-21 12:39:39.685074623+00:00,233.62
2024-10-21 12:39:42.739238162+00:00,233.69
2024-10-21 12:40:00.394502718+00:00,234.02
2024-10-21 12:40:02.173786055+00:00,233.87
2024-10-21 12:40:02.173798644+00:00,233.89
2024-10-21 12:40:02.229591880+00:00,233.7
2024-10-21 12:40:06.958241+00:00,233.8
2024-10-21 12:40:16.999383849+00:00,233.71
2024-10-21 12:40:17.380243796+00:00,233.77
2024-10-21 12:40:17.380284749+00:00,233.84
2024-10-21 12:40:17.380598808+00:00,233.83
2024-10-21 12:40:17.408097402+00:00,233.84
2024-10-21 12:40:21.749588745+00:00,233.71
2024-10-21 12:40:21.749600737+00:00,233.69
2024-10-21 12:40:21.804263239+00:00,233.83
2024-10-21 12:40:21.819271776+00:00,233.83
2024-10-21 12:40:21.819284628+00:00,233.85
2024-10-21 12:40:21.827634639+00:00,233.85
2024-10-21 12:40:21.827646959+00:00,233.89
2024-10-21 12:40:23.563340523+00:00,233.77
2024-10-21 12:40:23.563340523+00:00,233.77
2024-10-21 12:40:23.563363852+00:00,233.72
2024-10-21 12:40:23.563369579+00:00,233.73
2024-10-21 12:40:23.563375890+00:00,233.72
2024-10-21 12:40:23.563390255+00:00,233.71
2024-10-21 12:40:23.563405657+00:00,233.72
2024-10-21 12:40:23.563407672+00:00,233.72
2024-10-21 12:40:23.663450037+00:00,233.73
2024-10-21 12:40:23.663480945+00:00,233.71
2024-10-21 12:40:26.244122626+00:00,233.7
2024-10-21 12:40:29.022903358+00:00,233.79
2024-10-21 12:40:29.022903358+00:00,233.79
2024-10-21 12:40:29.022924599+00:00,233.72
2024-10-21 12:40:29.022930395+00:00,233.74
2024-10-21 12:40:29.022945958+00:00,233.74
2024-10-21 12:40:29.022960110+00:00,233.71
2024-10-21 12:40:29.022972653+00:00,233.72
2024-10-21 12:40:29.123013019+00:00,233.74
2024-10-21 12:40:29.123043558+00:00,233.71
2024-10-21 12:40:29.273765083+00:00,233.74
2024-10-21 12:40:30.031246441+00:00,233.8
2024-10-21 12:40:37.175837697+00:00,233.79
2024-10-21 12:40:40.431312990+00:00,233.77
2024-10-21 12:40:41.079843018+00:00,233.8
2024-10-21 12:40:43.053712683+00:00,233.89
2024-10-21 12:40:43.053725029+00:00,233.91
2024-10-21 12:40:43.108858295+00:00,233.71
2024-10-21 12:40:43.193105037+00:00,233.71
2024-10-21 12:40:43.193118012+00:00,233.62
2024-10-21 12:40:45.077306659+00:00,233.9
2024-10-21 12:40:46.195504516+00:00,233.62
2024-10-21 12:40:46.250031571+00:00,233.62
2024-10-21 12:40:46.250043946+00:00,233.66
2024-10-21 12:40:48.678914166+00:00,233.66
2024-10-21 12:40:48.678925835+00:00,233.61
2024-10-21 12:40:49.116948486+00:00,233.61
2024-10-21 12:40:51.221298867+00:00,233.62
2024-10-21 12:40:51.681330922+00:00,233.62
2024-10-21 12:40:51.735734347+00:00,233.62
2024-10-21 12:40:51.735746270+00:00,233.66
2024-10-21 12:40:53.780616919+00:00,233.66
2024-10-21 12:40:53.780629438+00:00,233.62
2024-10-21 12:40:54.935490253+00:00,233.62
2024-10-21 12:40:56.836324617+00:00,233.62
2024-10-21 12:40:56.836337009+00:00,233.7
2024-10-21 12:41:00.787986040+00:00,234.06
2024-10-21 12:41:02.958639135+00:00,233.79
2024-10-21 12:41:02.958639135+00:00,233.79
2024-10-21 12:41:02.958662045+00:00,233.78
2024-10-21 12:41:02.958679653+00:00,233.78
2024-10-21 12:41:02.959797070+00:00,233.77
2024-10-21 12:41:07.396314590+00:00,233.89
2024-10-21 12:41:24.040771450+00:00,233.7
2024-10-21 12:41:24.040783567+00:00,233.68
2024-10-21 12:41:24.096538706+00:00,233.88
2024-10-21 12:41:33.732685313+00:00,233.87
2024-10-21 12:41:36.846722252+00:00,233.69
2024-10-21 12:41:37.867616118+00:00,233.77
2024-10-21 12:41:37.867616118+00:00,233.77
2024-10-21 12:41:37.867616118+00:00,233.77
2024-10-21 12:41:37.867639685+00:00,233.79
2024-10-21 12:41:37.867644597+00:00,233.79
2024-10-21 12:41:37.867652188+00:00,233.79
2024-10-21 12:41:37.867653690+00:00,233.79
2024-10-21 12:41:37.867677809+00:00,233.69
2024-10-21 12:41:37.867682285+00:00,233.79
2024-10-21 12:41:37.867702926+00:00,233.79
2024-10-21 12:41:37.867737436+00:00,233.79
2024-10-21 12:41:37.867893701+00:00,233.79
2024-10-21 12:41:37.868002083+00:00,233.79
2024-10-21 12:41:37.870051229+00:00,233.77
2024-10-21 12:41:37.872277341+00:00,233.87
2024-10-21 12:41:37.872417981+00:00,233.77
2024-10-21 12:41:37.872417981+00:00,233.77
2024-10-21 12:41:37.872438670+00:00,233.74
2024-10-21 12:41:37.872439572+00:00,233.79
2024-10-21 12:41:37.872443112+00:00,233.72
2024-10-21 12:41:37.872449092+00:00,233.71
2024-10-21 12:41:37.872453115+00:00,233.74
2024-10-21 12:41:37.872464745+00:00,233.72
2024-10-21 12:41:37.872736622+00:00,233.72
2024-10-21 12:41:37.948619585+00:00,233.65
2024-10-21 12:41:37.957880869+00:00,233.65
2024-10-21 12:41:37.973766387+00:00,233.71
2024-10-21 12:41:37.973822964+00:00,233.88
2024-10-21 12:41:39.067873779+00:00,233.65
2024-10-21 12:41:39.067885587+00:00,233.65
2024-10-21 12:41:39.067896733+00:00,233.59
2024-10-21 12:41:40.032433370+00:00,233.83
2024-10-21 12:41:44.073298694+00:00,233.59
2024-10-21 12:41:44.073310878+00:00,233.55
2024-10-21 12:41:47.949975113+00:00,233.83
2024-10-21 12:41:47.949987830+00:00,233.88
2024-10-21 12:41:49.849454965+00:00,233.79
2024-10-21 12:41:49.849454965+00:00,233.79
2024-10-21 12:41:49.849491539+00:00,233.79
2024-10-21 12:41:49.849491539+00:00,233.79
2024-10-21 12:41:49.849513942+00:00,233.75
2024-10-21 12:41:49.849516947+00:00,233.74
2024-10-21 12:41:49.849522698+00:00,233.88
2024-10-21 12:41:49.849526401+00:00,233.74
2024-10-21 12:41:49.849539343+00:00,233.71
2024-10-21 12:41:49.849546854+00:00,233.72
2024-10-21 12:41:49.849557265+00:00,233.75
2024-10-21 12:41:49.849565635+00:00,233.72
2024-10-21 12:41:49.849576958+00:00,233.74
2024-10-21 12:41:49.849586071+00:00,233.88
2024-10-21 12:41:49.849970156+00:00,233.76
2024-10-21 12:41:49.850361832+00:00,233.76
2024-10-21 12:41:49.938320730+00:00,233.88
2024-10-21 12:41:49.953764722+00:00,233.71
2024-10-21 12:41:49.953824187+00:00,233.88
2024-10-21 12:41:50.099656448+00:00,233.74
2024-10-21 12:41:54.605026768+00:00,233.88
2024-10-21 12:41:54.605038914+00:00,233.87
2024-10-21 12:42:00.451273152+00:00,234.06
2024-10-21 12:42:01.205791497+00:00,233.9
2024-10-21 12:42:01.410378914+00:00,233.82
2024-10-21 12:42:01.558207688+00:00,233.82
2024-10-21 12:42:01.558220271+00:00,233.87
2024-10-21 12:42:06.188932979+00:00,233.58
2024-10-21 12:42:06.243954716+00:00,233.64
2024-10-21 12:42:10.521164045+00:00,233.64
2024-10-21 12:42:10.521177517+00:00,233.58
2024-10-21 12:42:11.086778743+00:00,233.81
2024-10-21 12:42:11.425996730+00:00,233.64
2024-10-21 12:42:11.745252868+00:00,233.75
2024-10-21 12:42:11.816393127+00:00,233.64
2024-10-21 12:42:11.816406103+00:00,233.58
2024-10-21 12:42:14.032586828+00:00,233.81
2024-10-21 12:42:16.054252982+00:00,233.81
2024-10-21 12:42:16.818985957+00:00,233.58
2024-10-21 12:42:16.818999497+00:00,233.55
2024-10-21 12:42:19.054770676+00:00,233.81
2024-10-21 12:42:19.821163900+00:00,233.78
2024-10-21 12:42:19.929575144+00:00,233.81
2024-10-21 12:42:20.703092700+00:00,233.58
2024-10-21 12:42:20.703225651+00:00,233.81
2024-10-21 12:42:20.703237243+00:00,233.87
2024-10-21 12:42:20.754943741+00:00,233.66
2024-10-21 12:42:23.772177586+00:00,233.78
2024-10-21 12:42:23.772177586+00:00,233.78
2024-10-21 12:42:23.772200068+00:00,233.76
2024-10-21 12:42:23.772203446+00:00,233.76
2024-10-21 12:42:23.772211976+00:00,233.76
2024-10-21 12:42:23.772224573+00:00,233.76
2024-10-21 12:42:23.772481783+00:00,233.76
2024-10-21 12:42:23.772771136+00:00,233.76
2024-10-21 12:42:23.772877430+00:00,233.76
2024-10-21 12:42:23.872284029+00:00,233.76
2024-10-21 12:42:23.872761380+00:00,233.76
2024-10-21 12:42:26.754101871+00:00,233.75
2024-10-21 12:42:26.765613859+00:00,233.75
2024-10-21 12:42:30.983584342+00:00,233.76
2024-10-21 12:42:30.983588965+00:00,233.76
2024-10-21 12:42:30.983623729+00:00,233.87
2024-10-21 12:42:30.983765496+00:00,233.8
2024-10-21 12:42:30.983765496+00:00,233.8
2024-10-21 12:42:30.983765496+00:00,233.8
2024-10-21 12:42:30.983788140+00:00,233.77
2024-10-21 12:42:30.983791844+00:00,233.78
2024-10-21 12:42:30.983802784+00:00,233.77
2024-10-21 12:42:30.983848403+00:00,233.77
2024-10-21 12:42:30.983906995+00:00,233.77
2024-10-21 12:42:30.984034903+00:00,233.76
2024-10-21 12:42:30.984200479+00:00,233.66
2024-10-21 12:42:31.054258517+00:00,233.66
2024-10-21 12:42:31.083872223+00:00,233.78
2024-10-21 12:42:31.083896105+00:00,233.76
2024-10-21 12:42:31.083924688+00:00,233.87
2024-10-21 12:42:33.976481607+00:00,233.77
2024-10-21 12:42:36.344215669+00:00,233.81
2024-10-21 12:42:36.344215669+00:00,233.81
2024-10-21 12:42:36.344222466+00:00,233.77
2024-10-21 12:42:36.344292494+00:00,233.87
2024-10-21 12:42:36.344360943+00:00,233.81
2024-10-21 12:42:36.344373155+00:00,233.82
2024-10-21 12:42:36.344395418+00:00,233.87
2024-10-21 12:42:36.344594234+00:00,233.77
2024-10-21 12:42:36.358702428+00:00,233.88
2024-10-21 12:42:36.404131118+00:00,233.87
2024-10-21 12:42:36.415666105+00:00,233.87
2024-10-21 12:42:36.453978311+00:00,233.97
2024-10-21 12:42:36.465458984+00:00,233.69
2024-10-21 12:42:38.411817639+00:00,233.69
2024-10-21 12:42:38.411830877+00:00,233.66
2024-10-21 12:42:38.411863606+00:00,233.66
2024-10-21 12:42:38.415564347+00:00,233.64
2024-10-21 12:42:39.481634033+00:00,233.93
2024-10-21 12:42:40.604433391+00:00,233.66
2024-10-21 12:42:42.254261471+00:00,233.92
2024-10-21 12:42:43.909239345+00:00,233.8
2024-10-21 12:43:00.284425512+00:00,234.09
2024-10-21 12:43:02.784844745+00:00,233.67
2024-10-21 12:43:04.015686328+00:00,233.67
2024-10-21 12:43:04.015699115+00:00,233.66
2024-10-21 12:43:05.959981783+00:00,233.84
2024-10-21 12:43:06.083701725+00:00,233.92
2024-10-21 12:43:06.083715131+00:00,233.96
2024-10-21 12:43:06.092775798+00:00,233.96
2024-10-21 12:43:06.092788627+00:00,233.98
2024-10-21 12:43:06.106459675+00:00,233.98
2024-10-21 12:43:06.158293160+00:00,233.98
2024-10-21 12:43:06.158305704+00:00,233.97
2024-10-21 12:43:06.163468352+00:00,233.88
2024-10-21 12:43:07.470875+00:00,233.66
2024-10-21 12:43:07.577428252+00:00,233.65
2024-10-21 12:43:08.751885580+00:00,233.65
2024-10-21 12:43:08.806020808+00:00,233.65
2024-10-21 12:43:08.806033885+00:00,233.67
2024-10-21 12:43:09.027088703+00:00,233.87
2024-10-21 12:43:12.901407951+00:00,233.67
2024-10-21 12:43:12.901420094+00:00,233.65
2024-10-21 12:43:12.919836141+00:00,233.86
2024-10-21 12:43:13.063028062+00:00,233.66
2024-10-21 12:43:18.819511842+00:00,233.66
2024-10-21 12:43:18.890070389+00:00,233.66
2024-10-21 12:43:19.118949471+00:00,233.8
2024-10-21 12:43:27.312017427+00:00,233.77
2024-10-21 12:43:28.682580695+00:00,233.66
2024-10-21 12:43:28.682593294+00:00,233.64
2024-10-21 12:43:28.718720+00:00,233.85
2024-10-21 12:43:28.737428528+00:00,233.84
2024-10-21 12:43:29.526405527+00:00,233.64
2024-10-21 12:43:29.583993815+00:00,233.64
2024-10-21 12:43:29.584006831+00:00,233.67
2024-10-21 12:43:29.841228100+00:00,233.84
2024-10-21 12:43:29.841240098+00:00,233.86
2024-10-21 12:43:29.895971250+00:00,233.68
2024-10-21 12:43:30.016726563+00:00,233.85
2024-10-21 12:43:31.026157327+00:00,233.68
2024-10-21 12:43:31.026169913+00:00,233.65
2024-10-21 12:43:32.777462165+00:00,233.8
2024-10-21 12:43:32.778470496+00:00,233.77
2024-10-21 12:43:32.778470496+00:00,233.76
2024-10-21 12:43:32.778470496+00:00,233.76
2024-10-21 12:43:32.778497265+00:00,233.81
2024-10-21 12:43:32.778508908+00:00,233.82
2024-10-21 12:43:32.778520533+00:00,233.83
2024-10-21 12:43:32.778523795+00:00,233.82
2024-10-21 12:43:32.778533623+00:00,233.82
2024-10-21 12:43:32.778543405+00:00,233.81
2024-10-21 12:43:32.778545123+00:00,233.65
2024-10-21 12:43:32.843469885+00:00,233.57
2024-10-21 12:43:32.863795827+00:00,233.81
2024-10-21 12:43:32.864010296+00:00,233.76
2024-10-21 12:43:32.864353459+00:00,233.76
2024-10-21 12:43:32.875672259+00:00,233.76
2024-10-21 12:43:32.883762376+00:00,233.83
2024-10-21 12:43:32.960428938+00:00,233.83
2024-10-21 12:43:32.961014516+00:00,233.84
2024-10-21 12:43:32.961014516+00:00,233.84
2024-10-21 12:43:33.006751243+00:00,233.6
2024-10-21 12:43:33.219553558+00:00,233.6
2024-10-21 12:43:33.275878319+00:00,233.6
2024-10-21 12:43:33.275890776+00:00,233.63
2024-10-21 12:43:48.778340231+00:00,233.78
2024-10-21 12:43:49.327571719+00:00,233.68
2024-10-21 12:43:54.884512067+00:00,233.76
2024-10-21 12:43:59.424379492+00:00,233.84
2024-10-21 12:43:59.523974366+00:00,233.84
2024-10-21 12:43:59.523987613+00:00,233.9
2024-10-21 12:43:59.578697454+00:00,233.7
2024-10-21 12:44:00.291904704+00:00,234.09
2024-10-21 12:44:01.574475139+00:00,233.7
2024-10-21 12:44:01.574487162+00:00,233.69
2024-10-21 12:44:01.597349974+00:00,233.78
2024-10-21 12:44:01.597349974+00:00,233.78
2024-10-21 12:44:01.597372308+00:00,233.82
2024-10-21 12:44:01.597376739+00:00,233.81
2024-10-21 12:44:01.597388458+00:00,233.82
2024-10-21 12:44:01.597398797+00:00,233.82
2024-10-21 12:44:01.597405484+00:00,233.8
2024-10-21 12:44:01.597418633+00:00,233.69
2024-10-21 12:44:01.597710823+00:00,233.84
2024-10-21 12:44:01.631410923+00:00,233.89
2024-10-21 12:44:01.665008249+00:00,233.66
2024-10-21 12:44:01.697457905+00:00,233.81
2024-10-21 12:44:01.697487107+00:00,233.83
2024-10-21 12:44:01.723656057+00:00,233.83
2024-10-21 12:44:03.939688098+00:00,233.82
2024-10-21 12:44:10.095362898+00:00,233.78
2024-10-21 12:44:10.112254651+00:00,233.79
2024-10-21 12:44:10.112739141+00:00,233.79
2024-10-21 12:44:10.125962951+00:00,233.75
2024-10-21 12:44:10.125962951+00:00,233.75
2024-10-21 12:44:10.126029110+00:00,233.66
2024-10-21 12:44:10.126259301+00:00,233.81
2024-10-21 12:44:10.130353938+00:00,233.81
2024-10-21 12:44:10.130410348+00:00,233.65
2024-10-21 12:44:10.139163189+00:00,233.75
2024-10-21 12:44:10.157454473+00:00,233.65
2024-10-21 12:44:10.210284689+00:00,233.65
2024-10-21 12:44:10.210294376+00:00,233.65
2024-10-21 12:44:10.228540017+00:00,233.62
2024-10-21 12:44:22.659115608+00:00,233.76
2024-10-21 12:44:24.320346216+00:00,233.76
2024-10-21 12:44:24.320346216+00:00,233.76
2024-10-21 12:44:24.320371608+00:00,233.78
2024-10-21 12:44:24.328088877+00:00,233.62
2024-10-21 12:44:24.329087388+00:00,233.8
2024-10-21 12:44:24.329391498+00:00,233.78
2024-10-21 12:44:24.329400563+00:00,233.79
2024-10-21 12:44:24.329919574+00:00,233.79
2024-10-21 12:44:24.333182245+00:00,233.8
2024-10-21 12:44:24.367829695+00:00,233.78
2024-10-21 12:44:24.396882356+00:00,233.59
2024-10-21 12:44:24.420452931+00:00,233.78
2024-10-21 12:44:29.399741197+00:00,233.59
2024-10-21 12:44:29.399754078+00:00,233.55
2024-10-21 12:44:37.204838096+00:00,233.79
2024-10-21 12:44:37.267315101+00:00,233.8
2024-10-21 12:44:37.267315101+00:00,233.8
2024-10-21 12:44:37.267346130+00:00,233.76
2024-10-21 12:44:37.267377859+00:00,233.82
2024-10-21 12:44:37.371918862+00:00,233.82
2024-10-21 12:44:37.372688632+00:00,233.76
2024-10-21 12:44:43.997940262+00:00,233.59
2024-10-21 12:44:43.997952400+00:00,233.82
2024-10-21 12:44:43.997963233+00:00,233.83
2024-10-21 12:44:44.082882873+00:00,233.82
2024-10-21 12:44:49.032770567+00:00,233.59
2024-10-21 12:44:49.032784585+00:00,233.55
2024-10-21 12:44:56.110568275+00:00,233.74
2024-10-21 12:44:56.111500132+00:00,233.75
2024-10-21 12:44:59.972308166+00:00,233.75
2024-10-21 12:44:59.972823933+00:00,233.74
2024-10-21 12:45:00.466069449+00:00,233.8
2024-10-21 12:45:00.466069449+00:00,233.8
2024-10-21 12:45:00.466091166+00:00,233.76
2024-10-21 12:45:00.466096527+00:00,233.77
2024-10-21 12:45:00.466104495+00:00,233.76
2024-10-21 12:45:00.466110782+00:00,233.76
2024-10-21 12:45:00.466138376+00:00,233.76
2024-10-21 12:45:00.466144715+00:00,233.76
2024-10-21 12:45:00.466331776+00:00,233.82
2024-10-21 12:45:00.534396965+00:00,233.59
2024-10-21 12:45:00.566178995+00:00,233.77
2024-10-21 12:45:00.566206580+00:00,233.76
2024-10-21 12:45:00.576961798+00:00,233.88
2024-10-21 12:45:00.732087701+00:00,233.65
2024-10-21 12:45:01.132627516+00:00,233.65
2024-10-21 12:45:01.134992267+00:00,233.88
2024-10-21 12:45:01.188576992+00:00,233.65
2024-10-21 12:45:01.188588948+00:00,233.68
2024-10-21 12:45:03.941408756+00:00,233.69
2024-10-21 12:45:04.378997886+00:00,233.69
2024-10-21 12:45:04.392289828+00:00,233.8
2024-10-21 12:45:04.455791398+00:00,233.69
2024-10-21 12:45:04.463427946+00:00,233.69
2024-10-21 12:45:04.463440670+00:00,233.66
2024-10-21 12:45:06.500906813+00:00,233.76
2024-10-21 12:45:07.821742791+00:00,233.79
2024-10-21 12:45:07.821766697+00:00,233.79
2024-10-21 12:45:07.821766697+00:00,233.79
2024-10-21 12:45:08.568521916+00:00,233.78
2024-10-21 12:45:08.568573634+00:00,233.8
2024-10-21 12:45:08.568573634+00:00,233.8
2024-10-21 12:45:08.568595371+00:00,233.79
2024-10-21 12:45:08.568607237+00:00,233.79
2024-10-21 12:45:08.568836429+00:00,233.88
2024-10-21 12:45:08.568842453+00:00,233.77
2024-10-21 12:45:08.569243224+00:00,233.84
2024-10-21 12:45:08.569247948+00:00,233.77
2024-10-21 12:45:08.572627612+00:00,233.78
2024-10-21 12:45:08.674779302+00:00,233.89
2024-10-21 12:45:08.952909426+00:00,233.77
2024-10-21 12:45:09.467642057+00:00,233.89
2024-10-21 12:45:09.568869622+00:00,233.89
2024-10-21 12:45:10.957645576+00:00,233.66
2024-10-21 12:45:11.522901317+00:00,233.66
2024-10-21 12:45:16.300828735+00:00,233.77
2024-10-21 12:45:17.074205541+00:00,233.66
2024-10-21 12:45:17.074218249+00:00,233.67
2024-10-21 12:45:39.966757614+00:00,233.89
2024-10-21 12:45:39.966770270+00:00,233.91
2024-10-21 12:45:40.024030599+00:00,233.68
2024-10-21 12:45:41.579754503+00:00,233.9
2024-10-21 12:45:42.523889758+00:00,233.68
2024-10-21 12:45:42.523901729+00:00,233.67
2024-10-21 12:45:46.308803313+00:00,233.67
2024-10-21 12:46:00.710010076+00:00,234.08
2024-10-21 12:46:01.288790694+00:00,233.67
2024-10-21 12:46:01.288803458+00:00,233.68
2024-10-21 12:46:10.320582034+00:00,233.68
2024-10-21 12:46:10.320607088+00:00,233.68
2024-10-21 12:46:10.320619482+00:00,233.65
2024-10-21 12:46:12.080290410+00:00,233.9
2024-10-21 12:46:12.137568253+00:00,233.65
2024-10-21 12:46:12.193567298+00:00,233.65
2024-10-21 12:46:12.193579968+00:00,233.67
2024-10-21 12:46:12.268092521+00:00,233.83
2024-10-21 12:46:16.791652393+00:00,233.83
2024-10-21 12:46:19.577613731+00:00,233.9
2024-10-21 12:46:23.938521180+00:00,233.68
2024-10-21 12:46:25.802255158+00:00,233.68
2024-10-21 12:46:25.802267157+00:00,233.65
2024-10-21 12:46:26.818456297+00:00,233.88
2024-10-21 12:46:30.615356413+00:00,233.83
2024-10-21 12:46:36.896860441+00:00,233.8
2024-10-21 12:46:36.896993475+00:00,233.65
2024-10-21 12:46:36.935295740+00:00,233.8
2024-10-21 12:46:36.967821622+00:00,233.63
2024-10-21 12:46:36.973880941+00:00,233.88
2024-10-21 12:46:36.973894591+00:00,233.91
2024-10-21 12:46:40.270472256+00:00,233.91
2024-10-21 12:46:42.223069810+00:00,233.64
2024-10-21 12:46:46.421912989+00:00,233.91
2024-10-21 12:46:46.421925139+00:00,233.93
2024-10-21 12:46:46.487697098+00:00,233.92
2024-10-21 12:46:52.612794937+00:00,233.4
2024-10-21 12:47:00.410294114+00:00,234.08
2024-10-21 12:47:02.422982273+00:00,233.88
2024-10-21 12:47:02.478990158+00:00,233.87
2024-10-21 12:47:08.170726079+00:00,233.75
2024-10-21 12:47:08.170726079+00:00,233.75
2024-10-21 12:47:08.170747785+00:00,233.81
2024-10-21 12:47:08.170753593+00:00,233.79
2024-10-21 12:47:08.170780793+00:00,233.79
2024-10-21 12:47:08.170793241+00:00,233.81
2024-10-21 12:47:08.170829114+00:00,233.82
2024-10-21 12:47:08.170966841+00:00,233.81
2024-10-21 12:47:08.171394413+00:00,233.81
2024-10-21 12:47:08.270834728+00:00,233.79
2024-10-21 12:47:08.270864543+00:00,233.82
2024-10-21 12:47:08.423766296+00:00,233.79
2024-10-21 12:47:09.542929513+00:00,233.64
2024-10-21 12:47:09.542944189+00:00,233.61
2024-10-21 12:47:10.432682831+00:00,233.86
2024-10-21 12:47:11.297466321+00:00,233.63
2024-10-21 12:47:15.646925075+00:00,233.63
2024-10-21 12:47:15.646937792+00:00,233.61
2024-10-21 12:47:19.469834115+00:00,233.83
2024-10-21 12:47:25.958887784+00:00,233.86
2024-10-21 12:47:25.958901196+00:00,233.91
2024-10-21 12:47:26.552220975+00:00,233.76
2024-10-21 12:47:26.552507902+00:00,233.74
2024-10-21 12:47:26.552532797+00:00,233.75
2024-10-21 12:47:26.552914503+00:00,233.74
2024-10-21 12:47:26.553030755+00:00,233.75
2024-10-21 12:47:26.556326445+00:00,233.76
2024-10-21 12:47:26.596516239+00:00,233.91
2024-10-21 12:47:26.618112053+00:00,233.91
2024-10-21 12:47:26.625259595+00:00,233.91
2024-10-21 12:47:26.629968958+00:00,233.96
2024-10-21 12:47:26.656630312+00:00,233.96
2024-10-21 12:47:26.684648838+00:00,233.96
2024-10-21 12:47:26.684660963+00:00,233.93
2024-10-21 12:47:27.032806515+00:00,233.91
2024-10-21 12:47:29.736524116+00:00,233.9
2024-10-21 12:47:29.804925373+00:00,233.61
2024-10-21 12:47:29.856681774+00:00,233.61
2024-10-21 12:47:29.856694723+00:00,233.62
2024-10-21 12:47:30.078583111+00:00,233.63
2024-10-21 12:47:34.313639819+00:00,233.67
2024-10-21 12:47:34.358474517+00:00,233.9
2024-10-21 12:47:34.358488026+00:00,233.92
2024-10-21 12:47:37.064329812+00:00,233.67
2024-10-21 12:47:37.064342466+00:00,233.65
2024-10-21 12:47:37.119327456+00:00,233.91
2024-10-21 12:47:37.400458317+00:00,233.91
2024-10-21 12:47:37.400470025+00:00,233.92
2024-10-21 12:47:37.454723801+00:00,233.66
2024-10-21 12:47:38.779143882+00:00,233.4
2024-10-21 12:47:40.220416792+00:00,233.67
2024-10-21 12:48:06.501702067+00:00,233.92
2024-10-21 12:48:06.501715510+00:00,233.94
2024-10-21 12:48:06.556937176+00:00,233.67
2024-10-21 12:48:06.556948933+00:00,233.58
2024-10-21 12:48:08.370665186+00:00,233.82
2024-10-21 12:48:08.441224723+00:00,233.94
2024-10-21 12:48:08.499978640+00:00,233.94
2024-10-21 12:48:08.499990971+00:00,233.87
2024-10-21 12:48:09.562658898+00:00,233.87
2024-10-21 12:48:09.617544283+00:00,233.62
2024-10-21 12:48:12.154776230+00:00,233.82
2024-10-21 12:48:13.697844531+00:00,233.62
2024-10-21 12:48:13.697858036+00:00,233.58
2024-10-21 12:48:16.753702442+00:00,233.62
2024-10-21 12:48:19.442007179+00:00,233.76
2024-10-21 12:48:19.442025239+00:00,233.82
2024-10-21 12:48:19.442025239+00:00,233.82
2024-10-21 12:48:19.442044553+00:00,233.87
2024-10-21 12:48:19.442103573+00:00,233.87
2024-10-21 12:48:19.442313654+00:00,233.77
2024-10-21 12:48:19.442674818+00:00,233.77
2024-10-21 12:48:19.442704447+00:00,233.82
2024-10-21 12:48:19.442704447+00:00,233.82
2024-10-21 12:48:19.446110129+00:00,233.76
2024-10-21 12:48:19.520918631+00:00,233.62
2024-10-21 12:48:19.520931496+00:00,233.58
2024-10-21 12:48:19.523249872+00:00,233.92
2024-10-21 12:48:19.551210716+00:00,233.92
2024-10-21 12:48:19.683603442+00:00,233.92
2024-10-21 12:48:19.683615721+00:00,233.88
2024-10-21 12:48:20.389264986+00:00,233.8
2024-10-21 12:48:20.657778486+00:00,233.88
2024-10-21 12:48:20.657790817+00:00,233.92
2024-10-21 12:48:21.283922667+00:00,233.64
2024-10-21 12:48:26.912777281+00:00,233.82
2024-10-21 12:48:26.912777281+00:00,233.82
2024-10-21 12:48:26.912777281+00:00,233.82
2024-10-21 12:48:26.912847872+00:00,233.78
2024-10-21 12:48:26.912854091+00:00,233.92
2024-10-21 12:48:26.912899501+00:00,233.92
2024-10-21 12:48:26.913242243+00:00,233.78
2024-10-21 12:48:27.020695881+00:00,233.92
2024-10-21 12:48:28.369815806+00:00,233.66
2024-10-21 12:48:30.038722144+00:00,233.69
2024-10-21 12:48:32.943736693+00:00,233.78
2024-10-21 12:48:32.943740045+00:00,233.8
2024-10-21 12:48:32.947835058+00:00,233.8
2024-10-21 12:48:32.947840314+00:00,233.78
2024-10-21 12:48:33.022380892+00:00,233.69
2024-10-21 12:48:33.022394185+00:00,233.66
2024-10-21 12:48:33.321638942+00:00,233.66
2024-10-21 12:48:33.323589067+00:00,233.92
2024-10-21 12:48:33.378055235+00:00,233.66
2024-10-21 12:48:33.378067107+00:00,233.69
2024-10-21 12:48:36.022806384+00:00,233.92
2024-10-21 12:48:36.022819468+00:00,233.97
2024-10-21 12:48:36.080879057+00:00,233.73
2024-10-21 12:48:37.062302123+00:00,233.92
2024-10-21 12:48:37.707758529+00:00,233.73
2024-10-21 12:48:37.707770928+00:00,233.69
2024-10-21 12:48:38.527186854+00:00,233.92
2024-10-21 12:48:40.708153311+00:00,233.92
2024-10-21 12:48:40.708165824+00:00,233.98
2024-10-21 12:48:40.708592331+00:00,233.98
2024-10-21 12:48:40.759899740+00:00,233.73
2024-10-21 12:48:40.759912108+00:00,233.98
2024-10-21 12:48:40.759922567+00:00,233.97
2024-10-21 12:48:40.945130102+00:00,234.0
2024-10-21 12:48:43.582578418+00:00,233.92
2024-10-21 12:48:43.887584328+00:00,233.4
2024-10-21 12:48:45.693722203+00:00,233.6
2024-10-21 12:48:45.865188060+00:00,233.92
2024-10-21 12:48:45.865335014+00:00,233.92
2024-10-21 12:48:45.865346761+00:00,233.97
2024-10-21 12:48:46.043153157+00:00,233.73
2024-10-21 12:48:46.043165049+00:00,233.69
2024-10-21 12:48:46.915333206+00:00,233.92
2024-10-21 12:48:59.683517159+00:00,233.83
2024-10-21 12:48:59.683569805+00:00,233.85
2024-10-21 12:49:03.380177241+00:00,233.69
2024-10-21 12:49:03.380740871+00:00,233.6
2024-10-21 12:49:03.398241224+00:00,233.69
2024-10-21 12:49:03.416667326+00:00,233.4
2024-10-21 12:49:03.426245015+00:00,233.69
2024-10-21 12:49:07.334254534+00:00,233.74
2024-10-21 12:49:07.344508563+00:00,233.6
2024-10-21 12:49:08.577405223+00:00,233.69
2024-10-21 12:49:08.577417452+00:00,233.7
2024-10-21 12:49:09.323055469+00:00,233.74
2024-10-21 12:49:09.326503177+00:00,233.75
2024-10-21 12:49:10.615504825+00:00,233.83
2024-10-21 12:49:10.615504825+00:00,233.85
2024-10-21 12:49:10.615504825+00:00,233.85
2024-10-21 12:49:10.615529414+00:00,233.81
2024-10-21 12:49:10.615531617+00:00,233.81
2024-10-21 12:49:10.615537132+00:00,233.85
2024-10-21 12:49:10.615540557+00:00,233.81
2024-10-21 12:49:10.615552303+00:00,233.82
2024-10-21 12:49:10.615554379+00:00,233.81
2024-10-21 12:49:10.615571841+00:00,233.81
2024-10-21 12:49:10.615574342+00:00,233.81
2024-10-21 12:49:10.615598746+00:00,233.92
2024-10-21 12:49:10.615674329+00:00,233.85
2024-10-21 12:49:10.615806415+00:00,233.81
2024-10-21 12:49:10.719298363+00:00,233.93
2024-10-21 12:49:10.719326799+00:00,233.81
2024-10-21 12:49:11.955975975+00:00,233.75
2024-10-21 12:49:11.959487373+00:00,233.76
2024-10-21 12:49:13.192050305+00:00,233.6
2024-10-21 12:49:13.740463087+00:00,233.74
2024-10-21 12:49:14.004842455+00:00,233.74
2024-10-21 12:49:14.004855015+00:00,233.7
2024-10-21 12:49:16.380976995+00:00,233.6
2024-10-21 12:49:17.095404048+00:00,233.76
2024-10-21 12:49:17.098516295+00:00,233.77
2024-10-21 12:49:20.689107718+00:00,233.77
2024-10-21 12:49:20.692285781+00:00,233.78
2024-10-21 12:49:27.922835826+00:00,233.71
2024-10-21 12:49:28.083552407+00:00,233.86
2024-10-21 12:49:28.121990369+00:00,233.86
2024-10-21 12:49:31.767415647+00:00,233.78
2024-10-21 12:49:31.770578504+00:00,233.79
2024-10-21 12:49:38.319661255+00:00,233.71
2024-10-21 12:49:38.319673756+00:00,233.69
2024-10-21 12:49:38.866315719+00:00,233.69
2024-10-21 12:49:38.920680087+00:00,233.69
2024-10-21 12:49:38.920693145+00:00,233.7
2024-10-21 12:49:39.634329715+00:00,233.79
2024-10-21 12:49:39.637815531+00:00,233.8
2024-10-21 12:49:43.110091934+00:00,233.71
2024-10-21 12:49:46.832167455+00:00,233.8
2024-10-21 12:49:46.835474868+00:00,233.81
2024-10-21 12:49:46.957490822+00:00,233.83
2024-10-21 12:49:46.957502527+00:00,233.83
2024-10-21 12:49:46.957515098+00:00,233.84
2024-10-21 12:49:46.957526708+00:00,233.93
2024-10-21 12:49:46.957541207+00:00,233.84
2024-10-21 12:49:46.957573815+00:00,233.79
2024-10-21 12:49:46.957576775+00:00,233.9
2024-10-21 12:49:46.957576775+00:00,233.9
2024-10-21 12:49:46.957602301+00:00,233.87
2024-10-21 12:49:46.957613470+00:00,233.85
2024-10-21 12:49:46.957631839+00:00,233.89
2024-10-21 12:49:46.957813627+00:00,233.83
2024-10-21 12:49:46.957862508+00:00,233.84
2024-10-21 12:49:46.957937664+00:00,233.84
2024-10-21 12:49:46.957991157+00:00,233.84
2024-10-21 12:49:46.961681628+00:00,233.79
2024-10-21 12:49:46.961955264+00:00,233.84
2024-10-21 12:49:46.966450387+00:00,233.83
2024-10-21 12:49:47.057682799+00:00,233.87
2024-10-21 12:49:47.057708040+00:00,233.85
2024-10-21 12:49:47.067321034+00:00,233.94
2024-10-21 12:49:48.478529399+00:00,233.94
2024-10-21 12:49:48.478675769+00:00,233.94
2024-10-21 12:49:48.478687941+00:00,233.99
2024-10-21 12:49:48.484283756+00:00,233.99
2024-10-21 12:49:49.367557259+00:00,233.71
2024-10-21 12:49:49.367580583+00:00,233.71
2024-10-21 12:49:49.367595179+00:00,233.81
2024-10-21 12:49:49.367610194+00:00,233.83
2024-10-21 12:49:49.367638925+00:00,233.99
2024-10-21 12:49:49.367647847+00:00,233.99
2024-10-21 12:49:49.367661433+00:00,233.81
2024-10-21 12:49:49.367879143+00:00,233.83
2024-10-21 12:49:49.379300783+00:00,233.88
2024-10-21 12:49:49.383394936+00:00,233.88
2024-10-21 12:49:49.457051270+00:00,234.0
2024-10-21 12:49:49.470761871+00:00,233.71
2024-10-21 12:49:49.480799866+00:00,234.0
2024-10-21 12:49:58.322449004+00:00,233.81
2024-10-21 12:49:58.325910308+00:00,233.82
2024-10-21 12:50:00.450230177+00:00,234.0
2024-10-21 12:50:00.450388901+00:00,234.0
2024-10-21 12:50:00.450400607+00:00,234.05
2024-10-21 12:50:02.747081660+00:00,234.05
2024-10-21 12:50:08.578493418+00:00,233.82
2024-10-21 12:50:08.581776469+00:00,233.83
2024-10-21 12:50:09.246492050+00:00,234.05
2024-10-21 12:50:09.246504376+00:00,234.03
2024-10-21 12:50:11.198406052+00:00,234.03
2024-10-21 12:50:11.198419398+00:00,234.05
2024-10-21 12:50:11.566181537+00:00,234.03
2024-10-21 12:50:12.467758096+00:00,233.83
2024-10-21 12:50:12.471274007+00:00,233.84
2024-10-21 12:50:13.271098437+00:00,233.96
2024-10-21 12:50:14.282020828+00:00,234.03
2024-10-21 12:50:14.282033670+00:00,234.05
2024-10-21 12:50:15.277451082+00:00,233.98
2024-10-21 12:50:15.277477320+00:00,233.98
2024-10-21 12:50:15.277477320+00:00,233.98
2024-10-21 12:50:16.172964926+00:00,233.73
2024-10-21 12:50:16.211482112+00:00,233.73
2024-10-21 12:50:16.211495151+00:00,233.71
2024-10-21 12:50:16.267055594+00:00,234.02
2024-10-21 12:50:17.309428619+00:00,233.84
2024-10-21 12:50:17.312771757+00:00,233.85
2024-10-21 12:50:19.173366770+00:00,233.79
2024-10-21 12:50:19.463071688+00:00,233.8
2024-10-21 12:50:19.939222379+00:00,234.02
2024-10-21 12:50:19.939235822+00:00,234.04
2024-10-21 12:50:19.998086298+00:00,234.02
2024-10-21 12:50:20.045656564+00:00,234.02
2024-10-21 12:50:20.045669794+00:00,234.04
2024-10-21 12:50:20.726462052+00:00,234.02
2024-10-21 12:50:22.114304820+00:00,233.5
2024-10-21 12:50:23.016526103+00:00,233.85
2024-10-21 12:50:23.019819419+00:00,233.86
2024-10-21 12:50:23.489361011+00:00,234.02
2024-10-21 12:50:23.489373964+00:00,234.04
2024-10-21 12:50:27.730127297+00:00,234.02
2024-10-21 12:50:27.845945395+00:00,233.81
2024-10-21 12:50:30.292700701+00:00,233.86
2024-10-21 12:50:30.295988952+00:00,233.87
2024-10-21 12:50:36.089037837+00:00,234.02
2024-10-21 12:50:36.089051122+00:00,234.05
2024-10-21 12:50:36.143652642+00:00,234.03
2024-10-21 12:50:45.942999977+00:00,233.82
2024-10-21 12:50:49.274508773+00:00,233.82
2024-10-21 12:50:49.379316527+00:00,233.82
2024-10-21 12:50:54.633285417+00:00,233.87
2024-10-21 12:50:54.636598543+00:00,233.88
2024-10-21 12:50:55.034083416+00:00,233.82
2024-10-21 12:50:55.034096364+00:00,233.73
2024-10-21 12:50:58.090412659+00:00,233.81
2024-10-21 12:50:58.154681035+00:00,233.88
2024-10-21 12:50:58.158028951+00:00,233.89
2024-10-21 12:51:00.690069078+00:00,233.81
2024-10-21 12:51:00.690081541+00:00,233.72
2024-10-21 12:51:01.453112803+00:00,233.89
2024-10-21 12:51:01.456609178+00:00,233.9
2024-10-21 12:51:03.745943857+00:00,233.76
2024-10-21 12:51:10.314786051+00:00,233.9
2024-10-21 12:51:10.318219099+00:00,233.91
2024-10-21 12:51:13.418871996+00:00,233.77
2024-10-21 12:51:13.446879874+00:00,233.78
2024-10-21 12:51:17.677760514+00:00,234.0
2024-10-21 12:51:17.750308421+00:00,233.78
2024-10-21 12:51:17.750320974+00:00,233.76
2024-10-21 12:51:18.770505841+00:00,233.76
2024-10-21 12:51:18.773039140+00:00,234.03
2024-10-21 12:51:18.773052313+00:00,234.05
2024-10-21 12:51:18.820951973+00:00,233.76
2024-10-21 12:51:18.820965469+00:00,233.82
2024-10-21 12:51:22.821719489+00:00,233.91
2024-10-21 12:51:22.824967410+00:00,233.92
2024-10-21 12:51:22.892872962+00:00,233.82
2024-10-21 12:51:22.892886854+00:00,233.77
2024-10-21 12:51:23.690455424+00:00,233.77
2024-10-21 12:51:23.690468015+00:00,233.73
2024-10-21 12:51:25.478030138+00:00,233.75
2024-10-21 12:51:25.549228495+00:00,233.92
2024-10-21 12:51:25.552755288+00:00,233.93
2024-10-21 12:51:26.744932781+00:00,233.81
2024-10-21 12:51:32.421978926+00:00,233.93
2024-10-21 12:51:32.425290341+00:00,233.94
2024-10-21 12:51:37.000145065+00:00,233.94
2024-10-21 12:51:37.003493529+00:00,233.95
2024-10-21 12:51:39.563904075+00:00,233.82
2024-10-21 12:51:41.303046432+00:00,233.95
2024-10-21 12:51:41.303046432+00:00,233.95
2024-10-21 12:51:41.303070738+00:00,233.99
2024-10-21 12:51:41.303072249+00:00,233.98
2024-10-21 12:51:41.303082314+00:00,233.99
2024-10-21 12:51:41.303094909+00:00,233.99
2024-10-21 12:51:41.303109674+00:00,233.99
2024-10-21 12:51:41.303116970+00:00,233.82
2024-10-21 12:51:41.303439155+00:00,233.99
2024-10-21 12:51:41.305680987+00:00,233.91
2024-10-21 12:51:41.305701541+00:00,233.98
2024-10-21 12:51:41.313465552+00:00,233.93
2024-10-21 12:51:41.387831402+00:00,233.72
2024-10-21 12:51:41.403765587+00:00,233.99
2024-10-21 12:51:41.611216280+00:00,233.74
2024-10-21 12:51:44.445867547+00:00,233.82
2024-10-21 12:51:45.338942770+00:00,233.93
2024-10-21 12:51:45.338942770+00:00,233.93
2024-10-21 12:51:45.339015515+00:00,233.82
2024-10-21 12:51:45.441531969+00:00,233.74
2024-10-21 12:51:47.453511166+00:00,234.05
2024-10-21 12:51:47.453523118+00:00,234.07
2024-10-21 12:51:47.521571778+00:00,233.75
2024-10-21 12:51:47.552306498+00:00,234.06
2024-10-21 12:51:47.562312438+00:00,233.99
2024-10-21 12:51:48.483479355+00:00,233.79
2024-10-21 12:51:49.903491548+00:00,233.93
2024-10-21 12:51:49.903491548+00:00,233.93
2024-10-21 12:51:53.231358842+00:00,233.93
2024-10-21 12:51:53.231358842+00:00,233.93
2024-10-21 12:51:53.231421720+00:00,233.79
2024-10-21 12:51:53.251975842+00:00,233.93
2024-10-21 12:51:53.347723046+00:00,233.77
2024-10-21 12:51:53.434736360+00:00,233.78
2024-10-21 12:51:55.283068255+00:00,233.94
2024-10-21 12:51:57.462291236+00:00,233.73
2024-10-21 12:52:00.737452427+00:00,233.94
2024-10-21 12:52:06.174442902+00:00,233.78
2024-10-21 12:52:06.174456062+00:00,233.77
2024-10-21 12:52:06.229293947+00:00,233.98
2024-10-21 12:52:14.295242257+00:00,233.78
2024-10-21 12:52:18.388695775+00:00,233.92
2024-10-21 12:52:18.388709390+00:00,233.92
2024-10-21 12:52:18.388762155+00:00,233.98
2024-10-21 12:52:18.392790223+00:00,233.92
2024-10-21 12:52:18.392814699+00:00,233.92
2024-10-21 12:52:18.400304638+00:00,233.95
2024-10-21 12:52:18.400307812+00:00,233.96
2024-10-21 12:52:18.400340559+00:00,233.78
2024-10-21 12:52:18.404398863+00:00,233.95
2024-10-21 12:52:18.404415227+00:00,233.96
2024-10-21 12:52:18.467409967+00:00,233.67
2024-10-21 12:52:18.495352048+00:00,233.98
2024-10-21 12:52:18.604719011+00:00,233.68
2024-10-21 12:52:18.625710857+00:00,233.7
2024-10-21 12:52:20.518048065+00:00,233.98
2024-10-21 12:52:20.518059899+00:00,234.0
2024-10-21 12:52:20.587720643+00:00,233.99
2024-10-21 12:52:20.892880686+00:00,233.94
2024-10-21 12:52:21.097180887+00:00,233.98
2024-10-21 12:52:21.275458364+00:00,233.71
2024-10-21 12:52:21.522172957+00:00,233.77
2024-10-21 12:52:28.443782882+00:00,233.93
2024-10-21 12:52:28.443920856+00:00,233.93
2024-10-21 12:52:28.444671301+00:00,233.9
2024-10-21 12:52:28.445030581+00:00,233.9
2024-10-21 12:52:28.447890721+00:00,233.93
2024-10-21 12:52:28.568234235+00:00,233.53
2024-10-21 12:52:29.704321659+00:00,233.97
2024-10-21 12:52:32.192854637+00:00,233.9
2024-10-21 12:52:32.193931288+00:00,233.77
2024-10-21 12:52:32.193964031+00:00,233.94
2024-10-21 12:52:32.194704016+00:00,233.6
2024-10-21 12:52:32.198058929+00:00,233.94
2024-10-21 12:52:32.230152472+00:00,233.6
2024-10-21 12:52:32.272738336+00:00,233.71
2024-10-21 12:52:32.272847198+00:00,233.97
2024-10-21 12:52:32.300899398+00:00,233.71
2024-10-21 12:52:32.328927814+00:00,233.97
2024-10-21 12:52:32.328940616+00:00,233.94
2024-10-21 12:52:40.109749794+00:00,233.71
2024-10-21 12:52:40.895621746+00:00,233.71
2024-10-21 12:52:52.427835018+00:00,233.86
2024-10-21 12:52:52.427874272+00:00,233.95
2024-10-21 12:52:52.428191381+00:00,233.94
2024-10-21 12:52:52.428267507+00:00,233.93
2024-10-21 12:52:54.135441488+00:00,233.86
2024-10-21 12:52:54.135441488+00:00,233.86
2024-10-21 12:52:54.135462788+00:00,233.82
2024-10-21 12:52:54.135464840+00:00,233.83
2024-10-21 12:52:54.135475842+00:00,233.82
2024-10-21 12:52:54.135490428+00:00,233.81
2024-10-21 12:52:54.135504193+00:00,233.94
2024-10-21 12:52:54.156001750+00:00,233.94
2024-10-21 12:52:54.235547055+00:00,233.83
2024-10-21 12:52:54.235576841+00:00,233.81
2024-10-21 12:52:57.365726586+00:00,233.9
2024-10-21 12:52:57.365726586+00:00,233.9
2024-10-21 12:52:57.365728013+00:00,233.87
2024-10-21 12:52:57.365747718+00:00,233.82
2024-10-21 12:52:57.365754933+00:00,233.85
2024-10-21 12:52:57.365762251+00:00,233.85
2024-10-21 12:52:57.365775239+00:00,233.82
2024-10-21 12:52:57.365803525+00:00,233.82
2024-10-21 12:52:57.366029914+00:00,233.85
2024-10-21 12:52:57.366051623+00:00,233.94
2024-10-21 12:52:57.366331535+00:00,233.85
2024-10-21 12:52:57.369838111+00:00,233.87
2024-10-21 12:52:57.369858806+00:00,233.85
2024-10-21 12:52:57.436165494+00:00,234.0
2024-10-21 12:52:57.442081954+00:00,234.0
2024-10-21 12:52:57.473399287+00:00,233.82
2024-10-21 12:52:57.623765735+00:00,233.85
2024-10-21 12:52:59.389259843+00:00,234.0
2024-10-21 12:52:59.389271786+00:00,233.99
2024-10-21 12:53:00.698553118+00:00,234.07
2024-10-21 12:53:02.267851771+00:00,233.98
2024-10-21 12:53:11.670955032+00:00,233.98
2024-10-21 12:53:11.670966379+00:00,234.0
2024-10-21 12:53:11.727234767+00:00,233.99
2024-10-21 12:53:26.529763238+00:00,233.94
2024-10-21 12:53:28.427368134+00:00,233.98
2024-10-21 12:53:35.578849770+00:00,233.98
2024-10-21 12:53:35.578862371+00:00,234.0
2024-10-21 12:53:35.589718097+00:00,234.0
2024-10-21 12:53:35.644427153+00:00,234.0
2024-10-21 12:53:35.644439352+00:00,233.99
2024-10-21 12:53:38.058449683+00:00,233.71
2024-10-21 12:53:38.058462269+00:00,233.72
2024-10-21 12:53:42.548560344+00:00,233.72
2024-10-21 12:53:43.243634699+00:00,233.9
2024-10-21 12:53:58.645821004+00:00,233.72
2024-10-21 12:53:58.645833598+00:00,233.71
2024-10-21 12:53:58.694382577+00:00,233.71
2024-10-21 12:54:00.371901518+00:00,233.71
2024-10-21 12:54:00.439608110+00:00,234.07
2024-10-21 12:54:01.412078010+00:00,233.71
2024-10-21 12:54:01.412090878+00:00,233.7
2024-10-21 12:54:01.412103389+00:00,233.99
2024-10-21 12:54:01.467751209+00:00,233.99
2024-10-21 12:54:01.467763122+00:00,233.98
2024-10-21 12:54:01.474174096+00:00,233.7
2024-10-21 12:54:01.525937445+00:00,233.7
2024-10-21 12:54:01.525951049+00:00,233.71
2024-10-21 12:54:05.277851281+00:00,233.8
2024-10-21 12:54:15.649008030+00:00,233.93
2024-10-21 12:54:15.653103106+00:00,233.93
2024-10-21 12:54:23.663963755+00:00,233.9
2024-10-21 12:54:23.663963755+00:00,233.9
2024-10-21 12:54:23.663985900+00:00,233.82
2024-10-21 12:54:23.663993545+00:00,233.85
2024-10-21 12:54:23.664013091+00:00,233.85
2024-10-21 12:54:23.664029700+00:00,233.82
2024-10-21 12:54:23.664035920+00:00,233.98
2024-10-21 12:54:23.664298891+00:00,233.86
2024-10-21 12:54:23.664623467+00:00,233.86
2024-10-21 12:54:23.664895724+00:00,233.86
2024-10-21 12:54:23.668403631+00:00,233.86
2024-10-21 12:54:23.668424256+00:00,233.85
2024-10-21 12:54:23.764410397+00:00,233.82
2024-10-21 12:54:23.774388827+00:00,233.99
2024-10-21 12:54:23.920194306+00:00,233.85
2024-10-21 12:54:28.518577763+00:00,233.99
2024-10-21 12:54:28.575646585+00:00,233.99
2024-10-21 12:54:28.575658039+00:00,233.98
2024-10-21 12:54:33.076706602+00:00,233.89
2024-10-21 12:54:33.076763116+00:00,233.93
2024-10-21 12:54:41.332659042+00:00,233.93
2024-10-21 12:54:41.336753223+00:00,233.93
2024-10-21 12:54:41.347283222+00:00,233.9
2024-10-21 12:54:41.764117824+00:00,233.98
2024-10-21 12:54:41.769791072+00:00,233.9
2024-10-21 12:54:41.819429794+00:00,233.78
2024-10-21 12:54:41.838180708+00:00,233.99
2024-10-21 12:54:42.700598912+00:00,233.93
2024-10-21 12:54:55.278148479+00:00,233.87
2024-10-21 12:54:55.278155149+00:00,233.86
2024-10-21 12:54:55.278183622+00:00,233.93
2024-10-21 12:54:55.278306742+00:00,233.9
2024-10-21 12:54:55.278317125+00:00,233.93
2024-10-21 12:54:55.278329008+00:00,233.94
2024-10-21 12:54:55.278547157+00:00,233.86
2024-10-21 12:54:55.282480083+00:00,233.9
2024-10-21 12:54:55.293445838+00:00,233.87
2024-10-21 12:54:55.293461222+00:00,233.93
2024-10-21 12:54:55.293478028+00:00,233.78
2024-10-21 12:54:55.293821520+00:00,233.93
2024-10-21 12:54:55.347519532+00:00,233.99
2024-10-21 12:54:55.376645110+00:00,233.78
2024-10-21 12:54:57.286006414+00:00,233.98
2024-10-21 12:54:58.232213590+00:00,233.78
2024-10-21 12:54:58.287022773+00:00,233.78
2024-10-21 12:54:58.287036014+00:00,233.81
2024-10-21 12:55:04.801390940+00:00,233.81
2024-10-21 12:55:04.801403945+00:00,233.78
2024-10-21 12:55:05.846852917+00:00,233.98
2024-10-21 12:55:07.137227591+00:00,233.89
2024-10-21 12:55:07.137227591+00:00,233.89
2024-10-21 12:55:07.137250126+00:00,233.96
2024-10-21 12:55:07.137254976+00:00,233.94
2024-10-21 12:55:07.137277247+00:00,233.94
2024-10-21 12:55:07.137292058+00:00,233.97
2024-10-21 12:55:07.137297701+00:00,233.78
2024-10-21 12:55:07.137299614+00:00,233.96
2024-10-21 12:55:07.208362599+00:00,233.75
2024-10-21 12:55:07.208409169+00:00,233.75
2024-10-21 12:55:07.208422476+00:00,233.73
2024-10-21 12:55:07.237336751+00:00,233.94
2024-10-21 12:55:07.237363330+00:00,233.97
2024-10-21 12:55:07.393764372+00:00,233.94
2024-10-21 12:55:09.549131905+00:00,233.97
2024-10-21 12:55:12.192189397+00:00,233.96
2024-10-21 12:55:12.209405788+00:00,233.73
2024-10-21 12:55:12.209418239+00:00,233.71
2024-10-21 12:55:12.300974358+00:00,233.72
2024-10-21 12:55:12.370199382+00:00,233.73
2024-10-21 12:55:13.264764014+00:00,233.74
2024-10-21 12:55:15.334545441+00:00,233.85
2024-10-21 12:55:15.338653449+00:00,233.85
2024-10-21 12:55:15.998123326+00:00,233.74
2024-10-21 12:55:15.998136786+00:00,233.73
2024-10-21 12:55:16.052529509+00:00,233.95
2024-10-21 12:55:17.765334567+00:00,233.73
2024-10-21 12:55:17.765347989+00:00,233.7
2024-10-21 12:55:20.823373698+00:00,233.77
2024-10-21 12:55:22.580537870+00:00,233.94
2024-10-21 12:55:23.609032313+00:00,233.77
2024-10-21 12:55:23.609045176+00:00,233.75
2024-10-21 12:55:23.680662027+00:00,233.93
2024-10-21 12:55:23.701596845+00:00,233.93
2024-10-21 12:55:23.701735603+00:00,233.93
2024-10-21 12:55:23.701747931+00:00,233.99
2024-10-21 12:55:24.862826730+00:00,233.76
2024-10-21 12:55:26.706482748+00:00,233.99
2024-10-21 12:55:37.151044095+00:00,233.99
2024-10-21 12:55:37.151054693+00:00,233.99
2024-10-21 12:55:37.151066136+00:00,234.0
2024-10-21 12:55:42.999639664+00:00,233.76
2024-10-21 12:55:42.999652165+00:00,233.75
2024-10-21 12:55:42.999664407+00:00,234.0
2024-10-21 12:55:43.053918430+00:00,234.0
2024-10-21 12:55:43.053930632+00:00,233.99
2024-10-21 12:55:44.065840207+00:00,233.76
2024-10-21 12:55:44.298847396+00:00,233.76
2024-10-21 12:55:44.298860589+00:00,233.75
2024-10-21 12:55:49.600508142+00:00,233.92
2024-10-21 12:55:49.600561018+00:00,233.93
2024-10-21 12:55:49.602960660+00:00,233.98
2024-10-21 12:55:51.620426502+00:00,233.92
2024-10-21 12:56:02.093908434+00:00,233.99
2024-10-21 12:56:03.269632443+00:00,233.99
2024-10-21 12:56:03.269646561+00:00,233.96
2024-10-21 12:56:07.124679898+00:00,233.76
2024-10-21 12:56:08.881388845+00:00,233.96
2024-10-21 12:56:08.881400360+00:00,233.98
2024-10-21 12:56:09.292369731+00:00,233.77
2024-10-21 12:56:22.318827078+00:00,233.92
2024-10-21 12:56:22.318827078+00:00,233.92
2024-10-21 12:56:22.318827078+00:00,233.92
2024-10-21 12:56:22.318852373+00:00,233.86
2024-10-21 12:56:22.318854497+00:00,233.86
2024-10-21 12:56:22.318867022+00:00,233.83
2024-10-21 12:56:22.318873215+00:00,233.98
2024-10-21 12:56:22.318879396+00:00,233.86
2024-10-21 12:56:22.318888491+00:00,233.83
2024-10-21 12:56:22.318892579+00:00,233.82
2024-10-21 12:56:22.418935993+00:00,233.86
2024-10-21 12:56:22.418961652+00:00,233.82
2024-10-21 12:56:22.418999332+00:00,233.97
2024-10-21 12:56:22.573764377+00:00,233.86
2024-10-21 12:56:28.426425567+00:00,233.77
2024-10-21 12:56:28.426438060+00:00,233.75
2024-10-21 12:56:29.082300571+00:00,233.76
2024-10-21 12:56:43.345471121+00:00,233.93
2024-10-21 12:56:43.345495320+00:00,233.76
2024-10-21 12:56:43.349563754+00:00,233.93
2024-10-21 12:56:43.451978758+00:00,233.76
2024-10-21 12:56:49.157872964+00:00,233.93
2024-10-21 12:56:49.157900740+00:00,233.91
2024-10-21 12:56:49.161966909+00:00,233.93
2024-10-21 12:56:49.162006671+00:00,233.91
2024-10-21 12:56:49.229676652+00:00,233.76
2024-10-21 12:56:49.229690482+00:00,233.71
2024-10-21 12:56:52.237667266+00:00,233.71
2024-10-21 12:56:53.459845124+00:00,233.71
2024-10-21 12:56:54.514621370+00:00,233.71
2024-10-21 12:56:54.514633369+00:00,233.72
2024-10-21 12:56:55.487592894+00:00,233.92
2024-10-21 12:56:55.488162035+00:00,233.88
2024-10-21 12:56:55.488202584+00:00,233.9
2024-10-21 12:56:55.489128406+00:00,233.9
2024-10-21 12:56:55.491687427+00:00,233.92
2024-10-21 12:56:55.492269126+00:00,233.88
2024-10-21 12:56:55.527565335+00:00,233.9
2024-10-21 12:56:56.401563592+00:00,233.72
2024-10-21 12:56:57.109300963+00:00,233.88
2024-10-21 12:56:57.109313303+00:00,233.88
2024-10-21 12:56:57.109331676+00:00,233.72
2024-10-21 12:56:57.211996601+00:00,233.72
2024-10-21 12:57:02.679458939+00:00,233.8
2024-10-21 12:57:07.894276467+00:00,233.6
2024-10-21 12:57:07.914190596+00:00,233.6
2024-10-21 12:57:11.591940037+00:00,233.72
2024-10-21 12:57:11.661884620+00:00,233.72
2024-10-21 12:57:18.749231265+00:00,233.89
2024-10-21 12:57:28.505373884+00:00,233.72
2024-10-21 12:57:28.505387072+00:00,233.69
2024-10-21 12:57:28.732652951+00:00,233.7
2024-10-21 12:57:30.098442544+00:00,233.7
2024-10-21 12:57:30.210776056+00:00,233.69
2024-10-21 12:57:31.558732931+00:00,233.71
2024-10-21 12:57:32.240045543+00:00,233.71
2024-10-21 12:57:34.892506576+00:00,233.71
2024-10-21 12:57:35.231673580+00:00,233.71
2024-10-21 12:57:36.202783941+00:00,233.71
2024-10-21 12:57:36.556498826+00:00,233.86
2024-10-21 12:57:37.356921695+00:00,233.71
2024-10-21 12:57:43.442533026+00:00,233.71
2024-10-21 12:57:43.442545695+00:00,233.76
2024-10-21 12:57:48.025719444+00:00,233.76
2024-10-21 12:57:48.025732688+00:00,233.72
2024-10-21 12:58:02.614676805+00:00,233.89
2024-10-21 12:58:02.926203519+00:00,233.77
2024-10-21 12:58:03.694780418+00:00,233.78
2024-10-21 12:58:04.432418262+00:00,233.87
2024-10-21 12:58:04.559873878+00:00,233.85
2024-10-21 12:58:04.664725575+00:00,233.9
2024-10-21 12:58:07.447014433+00:00,233.9
2024-10-21 12:58:10.664315609+00:00,233.88
2024-10-21 12:58:10.664349579+00:00,233.78
2024-10-21 12:58:10.664468587+00:00,233.87
2024-10-21 12:58:10.664469496+00:00,233.86
2024-10-21 12:58:10.664469496+00:00,233.86
2024-10-21 12:58:10.664494919+00:00,233.85
2024-10-21 12:58:10.664494919+00:00,233.85
2024-10-21 12:58:10.664498353+00:00,233.85
2024-10-21 12:58:10.664498353+00:00,233.85
2024-10-21 12:58:10.664507666+00:00,233.93
2024-10-21 12:58:10.664525419+00:00,233.88
2024-10-21 12:58:10.664537782+00:00,233.88
2024-10-21 12:58:10.664655804+00:00,233.85
2024-10-21 12:58:10.664709483+00:00,233.88
2024-10-21 12:58:10.665088334+00:00,233.84
2024-10-21 12:58:10.665164204+00:00,233.6
2024-10-21 12:58:10.665444096+00:00,233.97
2024-10-21 12:58:10.666096256+00:00,233.85
2024-10-21 12:58:10.666096256+00:00,233.85
2024-10-21 12:58:10.666117777+00:00,233.82
2024-10-21 12:58:10.666119828+00:00,233.82
2024-10-21 12:58:10.666134191+00:00,233.81
2024-10-21 12:58:10.666182330+00:00,233.82
2024-10-21 12:58:10.668387164+00:00,233.87
2024-10-21 12:58:10.668387164+00:00,233.89
2024-10-21 12:58:10.668387164+00:00,233.9
2024-10-21 12:58:10.668387164+00:00,233.9
2024-10-21 12:58:10.668387164+00:00,233.9
2024-10-21 12:58:10.668412244+00:00,233.84
2024-10-21 12:58:10.668421624+00:00,233.83
2024-10-21 12:58:10.668424903+00:00,233.86
2024-10-21 12:58:10.668436484+00:00,233.86
2024-10-21 12:58:10.668486990+00:00,233.84
2024-10-21 12:58:10.668495920+00:00,233.86
2024-10-21 12:58:10.668504902+00:00,233.86
2024-10-21 12:58:10.668524657+00:00,233.82
2024-10-21 12:58:10.668685103+00:00,233.85
2024-10-21 12:58:10.668708138+00:00,233.86
2024-10-21 12:58:10.668768437+00:00,233.87
2024-10-21 12:58:10.668997172+00:00,233.85
2024-10-21 12:58:10.669075250+00:00,233.86
2024-10-21 12:58:10.672875445+00:00,233.87
2024-10-21 12:58:10.766666052+00:00,233.7
2024-10-21 12:58:10.766692893+00:00,233.81
2024-10-21 12:58:10.769583448+00:00,233.83
2024-10-21 12:58:10.779690647+00:00,233.98
2024-10-21 12:58:10.931928238+00:00,233.96
2024-10-21 12:58:10.970212670+00:00,233.4
2024-10-21 12:58:11.735054168+00:00,233.7
2024-10-21 12:58:11.739498889+00:00,233.98
2024-10-21 12:58:11.739510725+00:00,234.01
2024-10-21 12:58:11.741567426+00:00,234.01
2024-10-21 12:58:11.790575104+00:00,233.7
2024-10-21 12:58:11.790587578+00:00,233.72
2024-10-21 12:58:13.632358940+00:00,233.74
2024-10-21 12:58:15.135381045+00:00,234.01
2024-10-21 12:58:15.135391677+00:00,234.01
2024-10-21 12:58:15.135402966+00:00,234.03
2024-10-21 12:58:15.189814409+00:00,233.75
2024-10-21 12:58:15.280737422+00:00,233.75
2024-10-21 12:58:15.315283786+00:00,233.99
2024-10-21 12:58:16.357123535+00:00,233.98
2024-10-21 12:58:20.739070247+00:00,233.75
2024-10-21 12:58:25.681145858+00:00,233.85
2024-10-21 12:58:25.752287218+00:00,233.75
2024-10-21 12:58:38.664122485+00:00,233.96
2024-10-21 12:58:38.865141726+00:00,233.95
2024-10-21 12:58:38.865153436+00:00,233.96
2024-10-21 12:58:38.884268974+00:00,233.75
2024-10-21 12:58:38.934127462+00:00,233.8
2024-10-21 12:58:39.124837053+00:00,233.97
2024-10-21 12:58:39.665440876+00:00,233.99
2024-10-21 12:58:44.315042667+00:00,233.75
2024-10-21 12:58:44.315056213+00:00,233.79
2024-10-21 12:58:53.553367785+00:00,233.79
2024-10-21 12:58:53.553380154+00:00,233.75
2024-10-21 12:58:54.392440802+00:00,233.8
2024-10-21 12:58:54.393294723+00:00,233.78
2024-10-21 12:58:56.608715388+00:00,233.78
2024-10-21 12:58:56.926366487+00:00,233.93
2024-10-21 12:58:56.926409817+00:00,233.94
2024-10-21 12:58:56.930460468+00:00,233.93
2024-10-21 12:58:56.936864426+00:00,233.87
2024-10-21 12:58:56.936864426+00:00,233.86
2024-10-21 12:58:56.985971755+00:00,233.95
2024-10-21 12:58:56.985973938+00:00,233.97
2024-10-21 12:58:57.006192128+00:00,233.78
2024-10-21 12:58:57.006204731+00:00,233.74
2024-10-21 12:58:57.186825862+00:00,233.93
2024-10-21 12:58:57.188827212+00:00,233.99
2024-10-21 12:58:57.245928065+00:00,233.95
2024-10-21 12:58:59.191738848+00:00,233.93
2024-10-21 12:59:00.362666414+00:00,234.06
2024-10-21 12:59:01.222899124+00:00,233.98
2024-10-21 12:59:01.222911311+00:00,234.0
2024-10-21 12:59:01.250393352+00:00,233.75
2024-10-21 12:59:01.302902468+00:00,233.99
2024-10-21 12:59:02.387943682+00:00,233.76
2024-10-21 12:59:02.700990199+00:00,233.85
2024-10-21 12:59:18.925937054+00:00,233.78
2024-10-21 12:59:18.926788826+00:00,233.8
2024-10-21 12:59:29.383886738+00:00,233.95
2024-10-21 12:59:29.584160244+00:00,233.93
2024-10-21 12:59:29.843991689+00:00,233.94
2024-10-21 12:59:34.987099899+00:00,233.76
2024-10-21 12:59:41.219174443+00:00,233.76
2024-10-21 12:59:41.751768006+00:00,233.87
2024-10-21 12:59:41.751808827+00:00,233.99
2024-10-21 12:59:41.752297252+00:00,234.0
2024-10-21 12:59:41.755876256+00:00,233.87
2024-10-21 12:59:58.443981541+00:00,233.99
2024-10-21 13:00:00.834769249+00:00,233.76
2024-10-21 13:00:00.834779433+00:00,233.76
2024-10-21 13:00:00.834789913+00:00,233.75
2024-10-21 13:00:02.522599613+00:00,233.75
2024-10-21 13:00:04.240937700+00:00,233.75
2024-10-21 13:00:05.482580960+00:00,233.98
2024-10-21 13:00:07.149349109+00:00,233.75
2024-10-21 13:00:07.149359620+00:00,233.75
2024-10-21 13:00:07.149370167+00:00,233.73
2024-10-21 13:00:07.381906885+00:00,233.74
2024-10-21 13:00:08.520115733+00:00,233.75
2024-10-21 13:00:12.307331848+00:00,233.75
2024-10-21 13:00:12.307344629+00:00,233.73
2024-10-21 13:00:21.846946300+00:00,233.94
2024-10-21 13:00:22.047186467+00:00,233.92
2024-10-21 13:00:22.047193836+00:00,233.91
2024-10-21 13:00:22.047247171+00:00,233.92
2024-10-21 13:00:22.047528913+00:00,233.93
2024-10-21 13:00:22.049440630+00:00,233.93
2024-10-21 13:00:22.051622729+00:00,233.93
2024-10-21 13:00:22.306998857+00:00,233.93
2024-10-21 13:00:23.028961848+00:00,233.74
2024-10-21 13:00:23.497741295+00:00,233.75
2024-10-21 13:00:24.055121332+00:00,233.91
2024-10-21 13:00:32.311803698+00:00,233.89
2024-10-21 13:00:37.203589594+00:00,233.93
2024-10-21 13:00:37.403888415+00:00,233.9
2024-10-21 13:00:37.403900812+00:00,233.91
2024-10-21 13:00:37.663834055+00:00,233.92
2024-10-21 13:00:37.909519348+00:00,233.91
2024-10-21 13:00:39.919001937+00:00,233.9
2024-10-21 13:00:41.254543871+00:00,233.75
2024-10-21 13:00:41.254556294+00:00,233.74
2024-10-21 13:00:47.280596294+00:00,233.89
2024-10-21 13:00:47.280659810+00:00,233.9
2024-10-21 13:00:47.281137105+00:00,233.86
2024-10-21 13:00:47.281141058+00:00,233.86
2024-10-21 13:00:47.281338436+00:00,233.85
2024-10-21 13:00:47.281338436+00:00,233.85
2024-10-21 13:00:47.281338436+00:00,233.85
2024-10-21 13:00:47.281361951+00:00,233.87
2024-10-21 13:00:47.281390357+00:00,233.74
2024-10-21 13:00:47.281409424+00:00,233.87
2024-10-21 13:00:47.281544196+00:00,233.89
2024-10-21 13:00:47.281567592+00:00,233.85
2024-10-21 13:00:47.281567592+00:00,233.85
2024-10-21 13:00:47.281588001+00:00,233.88
2024-10-21 13:00:47.281592801+00:00,233.87
2024-10-21 13:00:47.281602730+00:00,233.88
2024-10-21 13:00:47.281718049+00:00,233.94
2024-10-21 13:00:47.281791800+00:00,233.89
2024-10-21 13:00:47.281884865+00:00,233.89
2024-10-21 13:00:47.283236429+00:00,233.9
2024-10-21 13:00:47.340772919+00:00,233.92
2024-10-21 13:00:47.350814208+00:00,233.74
2024-10-21 13:00:47.352683135+00:00,233.74
2024-10-21 13:00:47.381671412+00:00,233.87
2024-10-21 13:00:47.391389607+00:00,233.74
2024-10-21 13:00:47.540862619+00:00,233.89
2024-10-21 13:00:48.046853525+00:00,233.88
2024-10-21 13:00:48.046865874+00:00,233.89
2024-10-21 13:00:48.047217522+00:00,233.88
2024-10-21 13:00:48.057752746+00:00,233.51
2024-10-21 13:00:48.106791240+00:00,233.9
2024-10-21 13:00:48.270719410+00:00,233.5
2024-10-21 13:00:48.306982169+00:00,233.89
2024-10-21 13:00:49.286612720+00:00,233.88
2024-10-21 13:00:49.631471943+00:00,233.98
2024-10-21 13:00:49.661620967+00:00,233.74
2024-10-21 13:00:49.661634376+00:00,233.71
2024-10-21 13:00:49.664098756+00:00,233.88
2024-10-21 13:00:49.688039551+00:00,233.98
2024-10-21 13:00:49.688052684+00:00,233.97
2024-10-21 13:00:49.716064956+00:00,233.72
2024-10-21 13:00:49.726074065+00:00,233.88
2024-10-21 13:00:49.778826185+00:00,233.88
2024-10-21 13:00:49.778838318+00:00,233.91
2024-10-21 13:00:54.716822373+00:00,233.74
2024-10-21 13:00:59.693940803+00:00,233.91
2024-10-21 13:00:59.747110424+00:00,233.91
2024-10-21 13:00:59.747122038+00:00,233.88
2024-10-21 13:01:00.264901397+00:00,234.06
2024-10-21 13:01:02.339834695+00:00,233.88
2024-10-21 13:01:02.339847159+00:00,233.9
2024-10-21 13:01:02.394404993+00:00,233.75
2024-10-21 13:01:05.134038116+00:00,233.89
2024-10-21 13:01:05.134048475+00:00,233.75
2024-10-21 13:01:05.138120217+00:00,233.89
2024-10-21 13:01:05.235815575+00:00,233.75
2024-10-21 13:01:05.393823832+00:00,233.88
2024-10-21 13:01:05.393825110+00:00,233.87
2024-10-21 13:01:05.899852701+00:00,233.87
2024-10-21 13:01:05.959248966+00:00,233.89
2024-10-21 13:01:06.034140717+00:00,233.89
2024-10-21 13:01:06.159894555+00:00,233.87
2024-10-21 13:01:06.159895738+00:00,233.86
2024-10-21 13:01:06.160259036+00:00,233.86
2024-10-21 13:01:06.160299314+00:00,233.92
2024-10-21 13:01:06.417068923+00:00,233.89
2024-10-21 13:01:06.417082645+00:00,233.92
2024-10-21 13:01:06.419808801+00:00,233.87
2024-10-21 13:01:06.420441261+00:00,233.85
2024-10-21 13:01:06.487767695+00:00,233.75
2024-10-21 13:01:06.487780628+00:00,233.73
2024-10-21 13:01:06.928932179+00:00,233.86
2024-10-21 13:01:06.928934336+00:00,233.85
2024-10-21 13:01:07.114657176+00:00,233.89
2024-10-21 13:01:07.491424602+00:00,233.74
2024-10-21 13:01:07.809440257+00:00,233.89
2024-10-21 13:01:07.809453384+00:00,233.91
2024-10-21 13:01:07.864852819+00:00,233.74
2024-10-21 13:01:07.864865339+00:00,233.7
2024-10-21 13:01:08.021159560+00:00,233.9
2024-10-21 13:01:10.260620882+00:00,233.81
2024-10-21 13:01:10.260688910+00:00,233.81
2024-10-21 13:01:13.991855366+00:00,233.7
2024-10-21 13:01:13.993575048+00:00,233.7
2024-10-21 13:01:13.993804360+00:00,233.84
2024-10-21 13:01:13.993845419+00:00,233.9
2024-10-21 13:01:14.053073117+00:00,233.87
2024-10-21 13:01:14.101635781+00:00,233.7
2024-10-21 13:01:14.254042044+00:00,233.84
2024-10-21 13:01:14.254340207+00:00,233.87
2024-10-21 13:01:14.258450289+00:00,233.87
2024-10-21 13:01:14.551172515+00:00,233.7
2024-10-21 13:01:14.757245185+00:00,233.83
2024-10-21 13:01:14.757257838+00:00,233.84
2024-10-21 13:01:14.757605580+00:00,233.83
2024-10-21 13:01:14.817149379+00:00,233.85
2024-10-21 13:01:15.017831294+00:00,233.84
2024-10-21 13:01:22.653792170+00:00,233.9
2024-10-21 13:01:22.653805266+00:00,233.92
2024-10-21 13:01:22.709886825+00:00,233.91
2024-10-21 13:01:22.771731264+00:00,233.7
2024-10-21 13:01:22.771744033+00:00,233.71
2024-10-21 13:01:24.376253116+00:00,233.81
2024-10-21 13:01:31.407847430+00:00,233.88
2024-10-21 13:01:36.770750984+00:00,233.71
2024-10-21 13:01:36.770763949+00:00,233.7
2024-10-21 13:01:38.009732596+00:00,233.7
2024-10-21 13:01:38.212599640+00:00,233.7
2024-10-21 13:01:41.028235004+00:00,233.9
2024-10-21 13:01:41.825702493+00:00,233.7
2024-10-21 13:01:43.524114303+00:00,233.82
2024-10-21 13:01:43.583733107+00:00,233.84
2024-10-21 13:01:43.783882145+00:00,233.82
2024-10-21 13:01:45.884946041+00:00,233.8
2024-10-21 13:01:45.884946041+00:00,233.8
2024-10-21 13:01:45.884946041+00:00,233.8
2024-10-21 13:01:45.884946041+00:00,233.8
2024-10-21 13:01:45.884946041+00:00,233.8
2024-10-21 13:01:45.885003513+00:00,233.84
2024-10-21 13:01:45.885132988+00:00,233.7
2024-10-21 13:01:45.885143787+00:00,233.7
2024-10-21 13:01:45.889098836+00:00,233.84
2024-10-21 13:01:45.934608846+00:00,233.7
2024-10-21 13:01:45.952579456+00:00,233.7
2024-10-21 13:01:46.089830558+00:00,233.69
2024-10-21 13:01:53.318700214+00:00,233.81
2024-10-21 13:01:53.318745624+00:00,233.69
2024-10-21 13:01:53.319069858+00:00,233.81
2024-10-21 13:01:53.319109528+00:00,233.87
2024-10-21 13:01:53.357137118+00:00,233.81
2024-10-21 13:01:53.421896177+00:00,233.68
2024-10-21 13:01:53.580085827+00:00,233.82
2024-10-21 13:01:53.580087339+00:00,233.81
2024-10-21 13:01:53.886883978+00:00,233.83
2024-10-21 13:01:54.087201713+00:00,233.81
2024-10-21 13:01:54.087204965+00:00,233.8
2024-10-21 13:01:54.087566172+00:00,233.8
2024-10-21 13:01:54.087608499+00:00,233.86
2024-10-21 13:01:54.347089082+00:00,233.81
2024-10-21 13:01:54.854313070+00:00,233.8
2024-10-21 13:01:54.854320646+00:00,233.79
2024-10-21 13:01:54.854683427+00:00,233.79
2024-10-21 13:01:54.854726318+00:00,233.85
2024-10-21 13:01:54.914155820+00:00,233.81
2024-10-21 13:01:55.114822843+00:00,233.8
2024-10-21 13:01:55.619347215+00:00,233.78
2024-10-21 13:01:55.619359544+00:00,233.79
2024-10-21 13:01:55.619386195+00:00,233.79
2024-10-21 13:01:55.619397108+00:00,233.8
2024-10-21 13:01:55.619408622+00:00,233.81
2024-10-21 13:01:55.619418677+00:00,233.82
2024-10-21 13:01:55.619428622+00:00,233.83
2024-10-21 13:01:55.619439498+00:00,233.84
2024-10-21 13:01:55.619990738+00:00,233.78
2024-10-21 13:01:55.679367069+00:00,233.78
2024-10-21 13:01:55.679377988+00:00,233.8
2024-10-21 13:01:55.691001931+00:00,233.68
2024-10-21 13:01:55.691014779+00:00,233.64
2024-10-21 13:01:55.879929994+00:00,233.79
2024-10-21 13:01:55.939347809+00:00,233.78
2024-10-21 13:01:56.191953909+00:00,233.9
2024-10-21 13:01:56.246908570+00:00,233.9
2024-10-21 13:01:56.246922313+00:00,233.87
2024-10-21 13:01:56.993831894+00:00,233.87
2024-10-21 13:01:56.993844895+00:00,233.9
2024-10-21 13:01:57.165899729+00:00,233.64
2024-10-21 13:01:57.165912786+00:00,233.61
2024-10-21 13:01:58.745358302+00:00,233.64
2024-10-21 13:01:59.675052114+00:00,233.78
2024-10-21 13:02:00.466387757+00:00,233.64
2024-10-21 13:02:00.466402127+00:00,233.9
2024-10-21 13:02:00.468799008+00:00,233.64
2024-10-21 13:02:00.468810088+00:00,233.64
2024-10-21 13:02:00.468935740+00:00,233.83
2024-10-21 13:02:00.473030295+00:00,233.83
2024-10-21 13:02:00.488266361+00:00,233.76
2024-10-21 13:02:00.488297237+00:00,233.77
2024-10-21 13:02:00.488423390+00:00,233.76
2024-10-21 13:02:00.499390446+00:00,233.76
2024-10-21 13:02:00.521318201+00:00,233.9
2024-10-21 13:02:00.521332116+00:00,233.89
2024-10-21 13:02:00.543537646+00:00,233.76
2024-10-21 13:02:00.547471734+00:00,233.79
2024-10-21 13:02:00.557303929+00:00,233.82
2024-10-21 13:02:00.558727390+00:00,233.76
2024-10-21 13:02:00.561398333+00:00,233.82
2024-10-21 13:02:00.572273497+00:00,233.75
2024-10-21 13:02:00.603031343+00:00,233.78
2024-10-21 13:02:00.603034863+00:00,233.78
2024-10-21 13:02:00.632932221+00:00,233.76
2024-10-21 13:02:00.753033427+00:00,233.58
2024-10-21 13:02:00.763036835+00:00,233.58
2024-10-21 13:02:00.828077266+00:00,233.76
2024-10-21 13:02:00.828089935+00:00,233.81
2024-10-21 13:02:00.831877617+00:00,233.75
2024-10-21 13:02:00.831882513+00:00,233.76
2024-10-21 13:02:00.850825310+00:00,233.73
2024-10-21 13:02:00.850825310+00:00,233.73
2024-10-21 13:02:00.850908070+00:00,233.77
2024-10-21 13:02:00.850932826+00:00,233.81
2024-10-21 13:02:00.851097126+00:00,233.74
2024-10-21 13:02:00.851457343+00:00,233.74
2024-10-21 13:02:00.855017272+00:00,233.77
2024-10-21 13:02:00.855026125+00:00,233.81
2024-10-21 13:02:00.876214037+00:00,233.73
2024-10-21 13:02:00.889534250+00:00,233.74
2024-10-21 13:02:00.899219069+00:00,233.78
2024-10-21 13:02:00.927615176+00:00,233.7
2024-10-21 13:02:00.927615176+00:00,233.7
2024-10-21 13:02:00.927646147+00:00,233.72
2024-10-21 13:02:00.927671794+00:00,233.58
2024-10-21 13:02:00.927682794+00:00,233.58
2024-10-21 13:02:00.928003213+00:00,233.72
2024-10-21 13:02:00.928041580+00:00,233.78
2024-10-21 13:02:00.935398656+00:00,233.75
2024-10-21 13:02:00.935401504+00:00,233.76
2024-10-21 13:02:00.973406066+00:00,233.72
2024-10-21 13:02:01.033287331+00:00,233.58
2024-10-21 13:02:01.135551441+00:00,233.73
2024-10-21 13:02:01.188132386+00:00,233.72
2024-10-21 13:02:01.533605979+00:00,233.72
2024-10-21 13:02:01.533611324+00:00,233.73
2024-10-21 13:02:01.533616664+00:00,233.74
2024-10-21 13:02:01.533622158+00:00,233.76
2024-10-21 13:02:01.533628256+00:00,233.75
2024-10-21 13:02:01.533638903+00:00,233.77
2024-10-21 13:02:01.533643884+00:00,233.71
2024-10-21 13:02:01.592865605+00:00,233.73
2024-10-21 13:02:01.793250270+00:00,233.71
2024-10-21 13:02:03.532792430+00:00,233.76
2024-10-21 13:02:04.538283059+00:00,233.7
2024-10-21 13:02:04.538283059+00:00,233.7
2024-10-21 13:02:04.538335499+00:00,233.58
2024-10-21 13:02:04.557444177+00:00,233.58
2024-10-21 13:02:04.585465906+00:00,233.58
2024-10-21 13:02:04.612481758+00:00,233.76
2024-10-21 13:02:04.612494059+00:00,233.78
2024-10-21 13:02:05.526065625+00:00,233.58
2024-10-21 13:02:05.526078693+00:00,233.61
2024-10-21 13:02:05.613608760+00:00,233.7
2024-10-21 13:02:05.613608760+00:00,233.7
2024-10-21 13:02:05.613608760+00:00,233.7
2024-10-21 13:02:05.613676908+00:00,233.61
2024-10-21 13:02:05.613767492+00:00,233.79
2024-10-21 13:02:05.614743449+00:00,233.7
2024-10-21 13:02:05.614959701+00:00,233.72
2024-10-21 13:02:05.615589936+00:00,233.66
2024-10-21 13:02:05.615589936+00:00,233.66
2024-10-21 13:02:05.615614835+00:00,233.68
2024-10-21 13:02:05.615952955+00:00,233.69
2024-10-21 13:02:05.615975118+00:00,233.68
2024-10-21 13:02:05.617862987+00:00,233.79
2024-10-21 13:02:05.619066257+00:00,233.72
2024-10-21 13:02:05.673847211+00:00,233.71
2024-10-21 13:02:05.675014223+00:00,233.71
2024-10-21 13:02:05.675016935+00:00,233.72
2024-10-21 13:02:05.715696027+00:00,233.68
2024-10-21 13:02:05.725381659+00:00,233.48
2024-10-21 13:02:05.875153265+00:00,233.69
2024-10-21 13:02:05.882759100+00:00,233.7
2024-10-21 13:02:06.177206010+00:00,233.69
2024-10-21 13:02:06.377828230+00:00,233.69
2024-10-21 13:02:06.377834609+00:00,233.68
2024-10-21 13:02:06.642038480+00:00,233.5
2024-10-21 13:02:07.056407619+00:00,233.51
2024-10-21 13:02:07.667678198+00:00,233.54
2024-10-21 13:02:13.203808325+00:00,233.78
2024-10-21 13:02:13.262517762+00:00,233.78
2024-10-21 13:02:13.262530556+00:00,233.7
2024-10-21 13:02:14.078140536+00:00,233.68
2024-10-21 13:02:16.458029734+00:00,233.54
2024-10-21 13:02:16.458042005+00:00,233.5
2024-10-21 13:02:17.186032750+00:00,233.65
2024-10-21 13:02:17.186071606+00:00,233.5
2024-10-21 13:02:17.186181809+00:00,233.65
2024-10-21 13:02:17.186194946+00:00,233.71
2024-10-21 13:02:17.186538717+00:00,233.63
2024-10-21 13:02:17.186674729+00:00,233.63
2024-10-21 13:02:17.186686642+00:00,233.7
2024-10-21 13:02:17.186892213+00:00,233.69
2024-10-21 13:02:17.190125762+00:00,233.6
2024-10-21 13:02:17.190140340+00:00,233.65
2024-10-21 13:02:17.190162546+00:00,233.68
2024-10-21 13:02:17.190465707+00:00,233.6
2024-10-21 13:02:17.190465707+00:00,233.6
2024-10-21 13:02:17.190483254+00:00,233.7
2024-10-21 13:02:17.190634749+00:00,233.63
2024-10-21 13:02:17.246026005+00:00,233.7
2024-10-21 13:02:17.246305868+00:00,233.68
2024-10-21 13:02:17.291149576+00:00,233.5
2024-10-21 13:02:17.291164570+00:00,233.7
2024-10-21 13:02:17.326291877+00:00,233.7
2024-10-21 13:02:17.451147618+00:00,233.63
2024-10-21 13:02:17.451151260+00:00,233.64
2024-10-21 13:02:19.513201357+00:00,233.53
2024-10-21 13:02:19.536601031+00:00,233.63
2024-10-21 13:02:19.536601031+00:00,233.63
2024-10-21 13:02:19.876892416+00:00,233.53
2024-10-21 13:02:19.876904712+00:00,233.5
2024-10-21 13:02:20.932833275+00:00,233.5
2024-10-21 13:02:20.933057922+00:00,233.62
2024-10-21 13:02:20.992255017+00:00,233.63
2024-10-21 13:02:20.992403217+00:00,233.64
2024-10-21 13:02:21.000274259+00:00,233.47
2024-10-21 13:02:21.192906010+00:00,233.62
2024-10-21 13:02:21.563478775+00:00,233.7
2024-10-21 13:02:21.563491796+00:00,233.65
2024-10-21 13:02:22.575417566+00:00,233.62
2024-10-21 13:02:22.575417566+00:00,233.62
2024-10-21 13:02:22.644977353+00:00,233.65
2024-10-21 13:02:22.644990352+00:00,233.7
2024-10-21 13:02:26.004586835+00:00,233.47
2024-10-21 13:02:26.004599650+00:00,233.45
2024-10-21 13:02:26.805812700+00:00,233.66
2024-10-21 13:02:26.805844770+00:00,233.72
2024-10-21 13:02:26.806107899+00:00,233.61
2024-10-21 13:02:26.806466236+00:00,233.61
2024-10-21 13:02:26.806545827+00:00,233.58
2024-10-21 13:02:26.806545827+00:00,233.58
2024-10-21 13:02:26.806545827+00:00,233.58
2024-10-21 13:02:26.806571123+00:00,233.6
2024-10-21 13:02:26.806584268+00:00,233.6
2024-10-21 13:02:26.806596745+00:00,233.6
2024-10-21 13:02:26.806614516+00:00,232.6
2024-10-21 13:02:26.806616034+00:00,233.6
2024-10-21 13:02:26.806637489+00:00,233.6
2024-10-21 13:02:26.806690074+00:00,233.6
2024-10-21 13:02:26.806928491+00:00,233.6
2024-10-21 13:02:26.808727277+00:00,233.72
2024-10-21 13:02:26.809920136+00:00,233.66
2024-10-21 13:02:26.844545346+00:00,233.61
2024-10-21 13:02:26.865265424+00:00,233.62
2024-10-21 13:02:26.866143539+00:00,233.63
2024-10-21 13:02:26.906652410+00:00,233.6
2024-10-21 13:02:26.911316679+00:00,233.47
2024-10-21 13:02:26.934279106+00:00,233.67
2024-10-21 13:02:27.066058714+00:00,233.61
2024-10-21 13:02:27.066172137+00:00,233.6
2024-10-21 13:02:27.798414858+00:00,233.63
2024-10-21 13:02:29.795444570+00:00,233.6
2024-10-21 13:02:29.923107931+00:00,233.66
2024-10-21 13:02:38.731508348+00:00,233.55
2024-10-21 13:02:38.731508348+00:00,233.54
2024-10-21 13:02:38.731508348+00:00,233.53
2024-10-21 13:02:38.731508348+00:00,233.53
2024-10-21 13:02:38.731508348+00:00,233.53
2024-10-21 13:02:38.731600377+00:00,233.71
2024-10-21 13:02:38.731649841+00:00,233.47
2024-10-21 13:02:38.731920607+00:00,233.59
2024-10-21 13:02:38.731943932+00:00,233.59
2024-10-21 13:02:38.732079511+00:00,233.58
2024-10-21 13:02:38.732093418+00:00,233.65
2024-10-21 13:02:38.732244823+00:00,233.53
2024-10-21 13:02:38.732244823+00:00,233.53
2024-10-21 13:02:38.732252265+00:00,233.56
2024-10-21 13:02:38.732265738+00:00,233.57
2024-10-21 13:02:38.732267454+00:00,233.56
2024-10-21 13:02:38.732278341+00:00,233.57
2024-10-21 13:02:38.732312347+00:00,233.57
2024-10-21 13:02:38.732326763+00:00,233.59
2024-10-21 13:02:38.732374886+00:00,233.59
2024-10-21 13:02:38.732553558+00:00,233.57
2024-10-21 13:02:38.732591521+00:00,233.56
2024-10-21 13:02:38.732609438+00:00,233.56
2024-10-21 13:02:38.732621749+00:00,233.63
2024-10-21 13:02:38.732712645+00:00,233.62
2024-10-21 13:02:38.732737568+00:00,233.57
2024-10-21 13:02:38.732854326+00:00,233.56
2024-10-21 13:02:38.733588429+00:00,233.52
2024-10-21 13:02:38.733599937+00:00,233.56
2024-10-21 13:02:38.733612793+00:00,233.52
2024-10-21 13:02:38.733612793+00:00,233.52
2024-10-21 13:02:38.733619694+00:00,233.61
2024-10-21 13:02:38.733622488+00:00,233.52
2024-10-21 13:02:38.733624693+00:00,233.66
2024-10-21 13:02:38.733633515+00:00,233.56
2024-10-21 13:02:38.733657813+00:00,233.6
2024-10-21 13:02:38.735695353+00:00,233.71
2024-10-21 13:02:38.773470233+00:00,233.51
2024-10-21 13:02:38.773470233+00:00,233.51
2024-10-21 13:02:38.773551432+00:00,233.59
2024-10-21 13:02:38.773770468+00:00,233.56
2024-10-21 13:02:38.774077016+00:00,233.56
2024-10-21 13:02:38.777643183+00:00,233.59
2024-10-21 13:02:38.791493467+00:00,233.61
2024-10-21 13:02:38.792274452+00:00,233.6
2024-10-21 13:02:38.833763026+00:00,233.57
2024-10-21 13:02:38.834574584+00:00,233.66
2024-10-21 13:02:38.850282237+00:00,233.65
2024-10-21 13:02:38.882132027+00:00,233.32
2024-10-21 13:02:38.892136187+00:00,233.37
2024-10-21 13:02:38.993894779+00:00,233.52
2024-10-21 13:02:38.993898183+00:00,233.53
2024-10-21 13:02:39.030301612+00:00,233.64
2024-10-21 13:02:39.065030299+00:00,233.64
2024-10-21 13:02:39.119325935+00:00,233.38
2024-10-21 13:02:39.119338697+00:00,233.64
2024-10-21 13:02:39.119349845+00:00,233.59
2024-10-21 13:02:39.238884226+00:00,233.58
2024-10-21 13:02:39.309689370+00:00,233.38
2024-10-21 13:02:39.364436653+00:00,233.38
2024-10-21 13:02:39.364449708+00:00,233.41
2024-10-21 13:02:41.411027687+00:00,233.56
2024-10-21 13:02:41.411037542+00:00,233.52
2024-10-21 13:02:41.411037542+00:00,233.52
2024-10-21 13:02:41.411037542+00:00,233.52
2024-10-21 13:02:41.411049221+00:00,233.52
2024-10-21 13:02:41.411096752+00:00,233.59
2024-10-21 13:02:41.411130976+00:00,233.52
2024-10-21 13:02:41.411130976+00:00,233.52
2024-10-21 13:02:41.411157988+00:00,233.52
2024-10-21 13:02:41.457798577+00:00,233.59
2024-10-21 13:02:41.470363167+00:00,233.53
2024-10-21 13:02:41.470410254+00:00,233.59
2024-10-21 13:02:41.470423231+00:00,233.62
2024-10-21 13:02:41.730788179+00:00,233.63
2024-10-21 13:02:41.730793259+00:00,233.62
2024-10-21 13:02:41.854813935+00:00,233.62
2024-10-21 13:02:41.854827150+00:00,233.64
2024-10-21 13:02:41.914311910+00:00,233.63
2024-10-21 13:02:41.914315184+00:00,233.62
2024-10-21 13:02:41.925260783+00:00,233.64
2024-10-21 13:02:41.925274240+00:00,233.67
2024-10-21 13:02:42.184807957+00:00,233.67
2024-10-21 13:02:42.184809660+00:00,233.68
2024-10-21 13:02:42.838988143+00:00,233.67
2024-10-21 13:02:42.838994562+00:00,233.66
2024-10-21 13:02:42.893706138+00:00,233.65
2024-10-21 13:02:42.953240291+00:00,233.68
2024-10-21 13:02:43.153825930+00:00,233.65
2024-10-21 13:02:43.993948059+00:00,233.65
2024-10-21 13:02:43.993951138+00:00,233.64
2024-10-21 13:02:44.048983873+00:00,233.64
2024-10-21 13:02:44.108506435+00:00,233.66
2024-10-21 13:02:44.308787770+00:00,233.65
2024-10-21 13:02:45.295289876+00:00,233.64
2024-10-21 13:02:45.295296308+00:00,233.63
2024-10-21 13:02:45.785897261+00:00,233.51
2024-10-21 13:02:54.065366756+00:00,233.63
2024-10-21 13:02:54.125064769+00:00,233.65
2024-10-21 13:02:54.324971177+00:00,233.62
2024-10-21 13:02:54.324983380+00:00,233.63
2024-10-21 13:02:54.584880408+00:00,233.64
2024-10-21 13:02:57.486428159+00:00,233.57
2024-10-21 13:03:00.362452201+00:00,233.41
2024-10-21 13:03:00.362466018+00:00,233.4
2024-10-21 13:03:00.793886150+00:00,233.4
2024-10-21 13:03:04.859893835+00:00,233.4
2024-10-21 13:03:04.859912246+00:00,233.44
2024-10-21 13:03:05.981522150+00:00,233.62
2024-10-21 13:03:06.041021112+00:00,233.64
2024-10-21 13:03:06.241417113+00:00,233.61
2024-10-21 13:03:06.241421839+00:00,233.62
2024-10-21 13:03:06.501857672+00:00,233.63
2024-10-21 13:03:07.939878188+00:00,233.68
2024-10-21 13:03:07.940732514+00:00,233.56
2024-10-21 13:03:07.941102172+00:00,233.56
2024-10-21 13:03:08.001204760+00:00,233.61
2024-10-21 13:03:08.001215687+00:00,233.63
2024-10-21 13:03:08.076045762+00:00,233.62
2024-10-21 13:03:08.076059309+00:00,233.63
2024-10-21 13:03:08.078451618+00:00,233.63
2024-10-21 13:03:08.078463238+00:00,233.67
2024-10-21 13:03:08.201611100+00:00,233.58
2024-10-21 13:03:08.201621143+00:00,233.6
2024-10-21 13:03:08.261719560+00:00,233.6
2024-10-21 13:03:08.462566235+00:00,233.58
2024-10-21 13:03:08.506351384+00:00,233.57
2024-10-21 13:03:08.722906904+00:00,233.66
2024-10-21 13:03:08.766043114+00:00,233.64
2024-10-21 13:03:10.001483055+00:00,233.61
2024-10-21 13:03:10.005577236+00:00,233.61
2024-10-21 13:03:10.060817080+00:00,233.64
2024-10-21 13:03:10.060828163+00:00,233.66
2024-10-21 13:03:10.320895435+00:00,233.64
2024-10-21 13:03:10.320899236+00:00,233.66
2024-10-21 13:03:10.584070039+00:00,233.64
2024-10-21 13:03:10.584073624+00:00,233.66
2024-10-21 13:03:10.784152799+00:00,233.62
2024-10-21 13:03:10.784155033+00:00,233.63
2024-10-21 13:03:10.896699549+00:00,233.56
2024-10-21 13:03:10.896699549+00:00,233.56
2024-10-21 13:03:12.236621705+00:00,233.62
2024-10-21 13:03:12.236624590+00:00,233.63
2024-10-21 13:03:12.436828266+00:00,233.58
2024-10-21 13:03:12.436831902+00:00,233.56
2024-10-21 13:03:12.741835279+00:00,233.56
2024-10-21 13:03:12.741835279+00:00,233.56
2024-10-21 13:03:12.741835279+00:00,233.57
2024-10-21 13:03:12.741835279+00:00,233.58
2024-10-21 13:03:12.741835279+00:00,233.58
2024-10-21 13:03:12.741861917+00:00,233.52
2024-10-21 13:03:12.741864310+00:00,233.53
2024-10-21 13:03:12.741876084+00:00,233.52
2024-10-21 13:03:12.741878320+00:00,233.52
2024-10-21 13:03:12.741890372+00:00,233.53
2024-10-21 13:03:12.741904697+00:00,233.53
2024-10-21 13:03:12.741928024+00:00,233.52
2024-10-21 13:03:12.741933888+00:00,233.57
2024-10-21 13:03:12.741981193+00:00,233.53
2024-10-21 13:03:12.742259611+00:00,233.52
2024-10-21 13:03:12.742343106+00:00,233.53
2024-10-21 13:03:12.742497801+00:00,233.58
2024-10-21 13:03:12.742497801+00:00,233.58
2024-10-21 13:03:12.742589599+00:00,233.53
2024-10-21 13:03:12.841946356+00:00,233.53
2024-10-21 13:03:12.841977245+00:00,233.52
2024-10-21 13:03:13.806051892+00:00,233.58
2024-10-21 13:03:14.007072365+00:00,233.56
2024-10-21 13:03:14.007436799+00:00,233.56
2024-10-21 13:03:14.772488041+00:00,233.56
2024-10-21 13:03:14.772520788+00:00,233.55
2024-10-21 13:03:14.772879460+00:00,233.55
2024-10-21 13:03:20.213773571+00:00,233.55
2024-10-21 13:03:20.213773571+00:00,233.55
2024-10-21 13:03:20.213773571+00:00,233.55
2024-10-21 13:03:20.213797145+00:00,233.53
2024-10-21 13:03:20.213802636+00:00,233.53
2024-10-21 13:03:20.213809939+00:00,233.53
2024-10-21 13:03:20.213821110+00:00,233.52
2024-10-21 13:03:20.213842517+00:00,233.53
2024-10-21 13:03:20.213865521+00:00,233.53
2024-10-21 13:03:20.213922684+00:00,233.52
2024-10-21 13:03:20.313883054+00:00,233.53
2024-10-21 13:03:20.322973910+00:00,233.67
2024-10-21 13:03:20.473833853+00:00,233.55
2024-10-21 13:03:20.474197048+00:00,233.55
2024-10-21 13:03:20.486975799+00:00,233.55
2024-10-21 13:03:20.486975799+00:00,233.55
2024-10-21 13:03:20.486975799+00:00,233.56
2024-10-21 13:03:20.486975799+00:00,233.56
2024-10-21 13:03:20.487001821+00:00,233.53
2024-10-21 13:03:20.487002677+00:00,233.53
2024-10-21 13:03:20.487016407+00:00,233.53
2024-10-21 13:03:20.487027392+00:00,233.52
2024-10-21 13:03:20.487038621+00:00,233.53
2024-10-21 13:03:20.487048628+00:00,233.53
2024-10-21 13:03:20.487075702+00:00,233.52
2024-10-21 13:03:20.487648190+00:00,233.67
2024-10-21 13:03:20.587081704+00:00,233.53
2024-10-21 13:03:20.596628869+00:00,233.67
2024-10-21 13:03:20.996838322+00:00,233.45
2024-10-21 13:03:23.618858827+00:00,233.56
2024-10-21 13:03:23.618858827+00:00,233.56
2024-10-21 13:03:23.619129617+00:00,233.67
2024-10-21 13:03:23.701512507+00:00,233.63
2024-10-21 13:03:23.720191320+00:00,233.67
2024-10-21 13:03:24.863758285+00:00,233.45
2024-10-21 13:03:24.863770627+00:00,233.44
2024-10-21 13:03:25.546508920+00:00,233.67
2024-10-21 13:03:25.598507727+00:00,233.67
2024-10-21 13:03:25.598520614+00:00,233.66
2024-10-21 13:03:25.666338141+00:00,233.65
2024-10-21 13:03:36.191870141+00:00,233.59
2024-10-21 13:03:36.195963623+00:00,233.59
2024-10-21 13:03:40.012377997+00:00,233.65
2024-10-21 13:03:40.012390526+00:00,233.67
2024-10-21 13:03:41.173109512+00:00,233.66
2024-10-21 13:03:45.203430807+00:00,233.44
2024-10-21 13:03:45.203443133+00:00,233.43
2024-10-21 13:03:45.257822337+00:00,233.65
2024-10-21 13:03:48.395621585+00:00,233.65
2024-10-21 13:03:48.395634304+00:00,233.67
2024-10-21 13:03:48.450060300+00:00,233.44
2024-10-21 13:03:48.567162849+00:00,233.56
2024-10-21 13:03:48.567162849+00:00,233.56
2024-10-21 13:03:53.449986144+00:00,233.45
2024-10-21 13:03:58.123721435+00:00,233.54
2024-10-21 13:03:59.183603746+00:00,233.56
2024-10-21 13:03:59.183603746+00:00,233.56
2024-10-21 13:03:59.183669679+00:00,233.67
2024-10-21 13:03:59.183876209+00:00,233.53
2024-10-21 13:03:59.184222352+00:00,233.53
2024-10-21 13:03:59.248163697+00:00,233.68
2024-10-21 13:03:59.856550937+00:00,233.68
2024-10-21 13:03:59.856562661+00:00,233.7
2024-10-21 13:03:59.914652027+00:00,233.46
2024-10-21 13:04:00.251822386+00:00,233.7
2024-10-21 13:04:02.656590751+00:00,233.61
2024-10-21 13:04:03.284191279+00:00,233.7
2024-10-21 13:04:03.284204503+00:00,233.69
2024-10-21 13:04:07.992810696+00:00,233.68
2024-10-21 13:04:12.059103619+00:00,233.68
2024-10-21 13:04:12.059115861+00:00,233.7
2024-10-21 13:04:12.262890838+00:00,233.7
2024-10-21 13:04:13.166105605+00:00,233.7
2024-10-21 13:04:13.166117304+00:00,233.69
2024-10-21 13:04:16.470997970+00:00,233.54
2024-10-21 13:04:16.470997970+00:00,233.54
2024-10-21 13:04:16.471023709+00:00,233.58
2024-10-21 13:04:16.471051572+00:00,233.6
2024-10-21 13:04:16.471267721+00:00,233.57
2024-10-21 13:04:16.471272606+00:00,233.58
2024-10-21 13:04:16.471323530+00:00,233.46
2024-10-21 13:04:16.475362515+00:00,233.57
2024-10-21 13:04:16.475379658+00:00,233.58
2024-10-21 13:04:16.475381986+00:00,233.58
2024-10-21 13:04:16.573763335+00:00,233.6
2024-10-21 13:04:16.583527688+00:00,233.46
2024-10-21 13:04:17.976461017+00:00,233.69
2024-10-21 13:04:20.085638629+00:00,233.46
2024-10-21 13:04:20.085651109+00:00,233.44
2024-10-21 13:04:20.130842270+00:00,233.56
